99_48_48_48_99,FTAZ,0.6800000000000006,9.618927974,-6.89,-3.46,15.4300405337
99_48_48_48_99,J71,0.6800000000000006,9.618927974,-6.89,-3.46,15.2013645553
99_48_48_48_99,P2,0.6800000000000006,9.618927974,-6.89,-3.46,16.8525946734
99_48_48_48_99,P3HT,0.6800000000000006,9.618927974,-6.89,-3.46,14.8417806575
99_48_48_48_99,PBDB-T,0.6800000000000006,9.618927974,-6.89,-3.46,16.1161315972
99_48_48_48_99,PBDB-T-2Cl,0.6800000000000006,9.618927974,-6.89,-3.46,18.8905413555
99_48_48_48_99,PBDB-TF,0.6800000000000006,9.618927974,-6.89,-3.46,18.3167113961
99_48_48_48_99,PBDB-T-SF,0.6800000000000006,9.618927974,-6.89,-3.46,19.3018603224
99_48_48_48_99,PBDT-3TCO,0.6800000000000006,9.618927974,-6.89,-3.46,16.0080139347
99_48_48_48_99,PBN-S,0.6800000000000006,9.618927974,-6.89,-3.46,19.076975111
99_48_48_48_99,PBQ-4F,0.6800000000000006,9.618927974,-6.89,-3.46,16.3353252874
99_48_48_48_99,PDBT-T1,0.6800000000000006,9.618927974,-6.89,-3.46,16.2457801928
99_48_48_48_99,PDCBT,0.6800000000000006,9.618927974,-6.89,-3.46,15.527890771
99_48_48_48_99,PDCBT-2F,0.6800000000000006,9.618927974,-6.89,-3.46,16.7382468884
99_48_48_48_99,PDCBT-Cl,0.6800000000000006,9.618927974,-6.89,-3.46,15.1385987815
99_48_48_48_99,PFBDB-T,0.6800000000000006,9.618927974,-6.89,-3.46,17.694763311
99_48_48_48_99,PffBT4T-2DT,0.6800000000000006,9.618927974,-6.89,-3.46,16.8692924507
99_48_48_48_99,PTB7-Th,0.6800000000000006,9.618927974,-6.89,-3.46,15.4965245761
99_48_48_48_99,PTFB-O,0.6800000000000006,9.618927974,-6.89,-3.46,16.7676472543
99_48_48_48_99,PTQ2,0.6800000000000006,9.618927974,-6.89,-3.46,18.6423244668
99_48_48_48_99,PCl3BDB-T,0.6800000000000006,9.618927974,-6.89,-3.46,16.3666875148
99_48_48_48_99,PCl4BDB-T,0.6800000000000006,9.618927974,-6.89,-3.46,16.7121915447
45_48_48_48_45,FTAZ,0.6600000000000001,10.426513395,-6.77,-3.35,16.4569856585
45_48_48_48_45,J71,0.6600000000000001,10.426513395,-6.77,-3.35,16.22830968
45_48_48_48_45,P2,0.6600000000000001,10.426513395,-6.77,-3.35,17.8795397982
45_48_48_48_45,P3HT,0.6600000000000001,10.426513395,-6.77,-3.35,15.8687257822
45_48_48_48_45,PBDB-T,0.6600000000000001,10.426513395,-6.77,-3.35,17.143076722
45_48_48_48_45,PBDB-T-2Cl,0.6600000000000001,10.426513395,-6.77,-3.35,19.9174864802
45_48_48_48_45,PBDB-TF,0.6600000000000001,10.426513395,-6.77,-3.35,19.3436565208
45_48_48_48_45,PBDB-T-SF,0.6600000000000001,10.426513395,-6.77,-3.35,20.3288054472
45_48_48_48_45,PBDT-3TCO,0.6600000000000001,10.426513395,-6.77,-3.35,17.0349590595
45_48_48_48_45,PBN-S,0.6600000000000001,10.426513395,-6.77,-3.35,20.1039202357
45_48_48_48_45,PBQ-4F,0.6600000000000001,10.426513395,-6.77,-3.35,17.3622704121
45_48_48_48_45,PDBT-T1,0.6600000000000001,10.426513395,-6.77,-3.35,17.2727253175
45_48_48_48_45,PDCBT,0.6600000000000001,10.426513395,-6.77,-3.35,16.5548358957
45_48_48_48_45,PDCBT-2F,0.6600000000000001,10.426513395,-6.77,-3.35,17.7651920131
45_48_48_48_45,PDCBT-Cl,0.6600000000000001,10.426513395,-6.77,-3.35,16.1655439062
45_48_48_48_45,PFBDB-T,0.6600000000000001,10.426513395,-6.77,-3.35,18.7217084357
45_48_48_48_45,PffBT4T-2DT,0.6600000000000001,10.426513395,-6.77,-3.35,17.8962375754
45_48_48_48_45,PTB7-Th,0.6600000000000001,10.426513395,-6.77,-3.35,16.5234697008
45_48_48_48_45,PTFB-O,0.6600000000000001,10.426513395,-6.77,-3.35,17.794592379
45_48_48_48_45,PTQ2,0.6600000000000001,10.426513395,-6.77,-3.35,19.6692695915
45_48_48_48_45,PCl3BDB-T,0.6600000000000001,10.426513395,-6.77,-3.35,17.3936326395
45_48_48_48_45,PCl4BDB-T,0.6600000000000001,10.426513395,-6.77,-3.35,17.7391366694
78_18_18_18_78,FTAZ,0.4800000000000004,7.626955469,-6.88,-2.49,11.8360943944
78_18_18_18_78,J71,0.4800000000000004,7.626955469,-6.88,-2.49,11.6074184159
78_18_18_18_78,P2,0.4800000000000004,7.626955469,-6.88,-2.49,13.2586485341
78_18_18_18_78,P3HT,0.4800000000000004,7.626955469,-6.88,-2.49,11.2478345181
78_18_18_18_78,PBDB-T,0.4800000000000004,7.626955469,-6.88,-2.49,12.5221854579
78_18_18_18_78,PBDB-T-2Cl,0.4800000000000004,7.626955469,-6.88,-2.49,15.2965952161
78_18_18_18_78,PBDB-TF,0.4800000000000004,7.626955469,-6.88,-2.49,14.7227652567
78_18_18_18_78,PBDB-T-SF,0.4800000000000004,7.626955469,-6.88,-2.49,15.707914183
78_18_18_18_78,PBDT-3TCO,0.4800000000000004,7.626955469,-6.88,-2.49,12.4140677954
78_18_18_18_78,PBN-S,0.4800000000000004,7.626955469,-6.88,-2.49,15.4830289716
78_18_18_18_78,PBQ-4F,0.4800000000000004,7.626955469,-6.88,-2.49,12.741379148
78_18_18_18_78,PDBT-T1,0.4800000000000004,7.626955469,-6.88,-2.49,12.6518340534
78_18_18_18_78,PDCBT,0.4800000000000004,7.626955469,-6.88,-2.49,11.9339446316
78_18_18_18_78,PDCBT-2F,0.4800000000000004,7.626955469,-6.88,-2.49,13.144300749
78_18_18_18_78,PDCBT-Cl,0.4800000000000004,7.626955469,-6.88,-2.49,11.5446526421
78_18_18_18_78,PFBDB-T,0.4800000000000004,7.626955469,-6.88,-2.49,14.1008171716
78_18_18_18_78,PffBT4T-2DT,0.4800000000000004,7.626955469,-6.88,-2.49,13.2753463113
78_18_18_18_78,PTB7-Th,0.4800000000000004,7.626955469,-6.88,-2.49,11.9025784367
78_18_18_18_78,PTFB-O,0.4800000000000004,7.626955469,-6.88,-2.49,13.1737011149
78_18_18_18_78,PTQ2,0.4800000000000004,7.626955469,-6.88,-2.49,15.0483783274
78_18_18_18_78,PCl3BDB-T,0.4800000000000004,7.626955469,-6.88,-2.49,12.7727413754
78_18_18_18_78,PCl4BDB-T,0.4800000000000004,7.626955469,-6.88,-2.49,13.1182454053
27_48_48_48_27,FTAZ,0.5099999999999998,9.830823585,-6.59,-3.28,14.9984707901
27_48_48_48_27,J71,0.5099999999999998,9.830823585,-6.59,-3.28,14.7697948116
27_48_48_48_27,P2,0.5099999999999998,9.830823585,-6.59,-3.28,16.4210249298
27_48_48_48_27,P3HT,0.5099999999999998,9.830823585,-6.59,-3.28,14.4102109138
27_48_48_48_27,PBDB-T,0.5099999999999998,9.830823585,-6.59,-3.28,15.6845618536
27_48_48_48_27,PBDB-T-2Cl,0.5099999999999998,9.830823585,-6.59,-3.28,18.4589716119
27_48_48_48_27,PBDB-TF,0.5099999999999998,9.830823585,-6.59,-3.28,17.8851416525
27_48_48_48_27,PBDB-T-SF,0.5099999999999998,9.830823585,-6.59,-3.28,18.8702905788
27_48_48_48_27,PBDT-3TCO,0.5099999999999998,9.830823585,-6.59,-3.28,15.5764441911
27_48_48_48_27,PBN-S,0.5099999999999998,9.830823585,-6.59,-3.28,18.6454053674
27_48_48_48_27,PBQ-4F,0.5099999999999998,9.830823585,-6.59,-3.28,15.9037555437
27_48_48_48_27,PDBT-T1,0.5099999999999998,9.830823585,-6.59,-3.28,15.8142104492
27_48_48_48_27,PDCBT,0.5099999999999998,9.830823585,-6.59,-3.28,15.0963210273
27_48_48_48_27,PDCBT-2F,0.5099999999999998,9.830823585,-6.59,-3.28,16.3066771447
27_48_48_48_27,PDCBT-Cl,0.5099999999999998,9.830823585,-6.59,-3.28,14.7070290379
27_48_48_48_27,PFBDB-T,0.5099999999999998,9.830823585,-6.59,-3.28,17.2631935674
27_48_48_48_27,PffBT4T-2DT,0.5099999999999998,9.830823585,-6.59,-3.28,16.437722707
27_48_48_48_27,PTB7-Th,0.5099999999999998,9.830823585,-6.59,-3.28,15.0649548324
27_48_48_48_27,PTFB-O,0.5099999999999998,9.830823585,-6.59,-3.28,16.3360775106
27_48_48_48_27,PTQ2,0.5099999999999998,9.830823585,-6.59,-3.28,18.2107547231
27_48_48_48_27,PCl3BDB-T,0.5099999999999998,9.830823585,-6.59,-3.28,15.9351177711
27_48_48_48_27,PCl4BDB-T,0.5099999999999998,9.830823585,-6.59,-3.28,16.2806218011
76_48_48_48_76,FTAZ,0.6799999999999997,9.814518675,-6.92,-3.49,15.699368929
76_48_48_48_76,J71,0.6799999999999997,9.814518675,-6.92,-3.49,15.4706929505
76_48_48_48_76,P2,0.6799999999999997,9.814518675,-6.92,-3.49,17.1219230687
76_48_48_48_76,P3HT,0.6799999999999997,9.814518675,-6.92,-3.49,15.1111090527
76_48_48_48_76,PBDB-T,0.6799999999999997,9.814518675,-6.92,-3.49,16.3854599925
76_48_48_48_76,PBDB-T-2Cl,0.6799999999999997,9.814518675,-6.92,-3.49,19.1598697508
76_48_48_48_76,PBDB-TF,0.6799999999999997,9.814518675,-6.92,-3.49,18.5860397914
76_48_48_48_76,PBDB-T-SF,0.6799999999999997,9.814518675,-6.92,-3.49,19.5711887177
76_48_48_48_76,PBDT-3TCO,0.6799999999999997,9.814518675,-6.92,-3.49,16.27734233
76_48_48_48_76,PBN-S,0.6799999999999997,9.814518675,-6.92,-3.49,19.3463035063
76_48_48_48_76,PBQ-4F,0.6799999999999997,9.814518675,-6.92,-3.49,16.6046536826
76_48_48_48_76,PDBT-T1,0.6799999999999997,9.814518675,-6.92,-3.49,16.5151085881
76_48_48_48_76,PDCBT,0.6799999999999997,9.814518675,-6.92,-3.49,15.7972191663
76_48_48_48_76,PDCBT-2F,0.6799999999999997,9.814518675,-6.92,-3.49,17.0075752836
76_48_48_48_76,PDCBT-Cl,0.6799999999999997,9.814518675,-6.92,-3.49,15.4079271768
76_48_48_48_76,PFBDB-T,0.6799999999999997,9.814518675,-6.92,-3.49,17.9640917063
76_48_48_48_76,PffBT4T-2DT,0.6799999999999997,9.814518675,-6.92,-3.49,17.1386208459
76_48_48_48_76,PTB7-Th,0.6799999999999997,9.814518675,-6.92,-3.49,15.7658529713
76_48_48_48_76,PTFB-O,0.6799999999999997,9.814518675,-6.92,-3.49,17.0369756496
76_48_48_48_76,PTQ2,0.6799999999999997,9.814518675,-6.92,-3.49,18.9116528621
76_48_48_48_76,PCl3BDB-T,0.6799999999999997,9.814518675,-6.92,-3.49,16.63601591
76_48_48_48_76,PCl4BDB-T,0.6799999999999997,9.814518675,-6.92,-3.49,16.98151994
52_30_30_30_52,FTAZ,0.27000000000000046,10.368201422,-6.26,-2.48,14.7172400716
52_30_30_30_52,J71,0.27000000000000046,10.368201422,-6.26,-2.48,14.4885640932
52_30_30_30_52,P2,0.27000000000000046,10.368201422,-6.26,-2.48,16.1397942113
52_30_30_30_52,P3HT,0.27000000000000046,10.368201422,-6.26,-2.48,14.1289801954
52_30_30_30_52,PBDB-T,0.27000000000000046,10.368201422,-6.26,-2.48,15.4033311351
52_30_30_30_52,PBDB-T-2Cl,0.27000000000000046,10.368201422,-6.26,-2.48,18.1777408934
52_30_30_30_52,PBDB-TF,0.27000000000000046,10.368201422,-6.26,-2.48,17.603910934
52_30_30_30_52,PBDB-T-SF,0.27000000000000046,10.368201422,-6.26,-2.48,18.5890598603
52_30_30_30_52,PBDT-3TCO,0.27000000000000046,10.368201422,-6.26,-2.48,15.2952134726
52_30_30_30_52,PBN-S,0.27000000000000046,10.368201422,-6.26,-2.48,18.3641746489
52_30_30_30_52,PBQ-4F,0.27000000000000046,10.368201422,-6.26,-2.48,15.6225248252
52_30_30_30_52,PDBT-T1,0.27000000000000046,10.368201422,-6.26,-2.48,15.5329797307
52_30_30_30_52,PDCBT,0.27000000000000046,10.368201422,-6.26,-2.48,14.8150903089
52_30_30_30_52,PDCBT-2F,0.27000000000000046,10.368201422,-6.26,-2.48,16.0254464262
52_30_30_30_52,PDCBT-Cl,0.27000000000000046,10.368201422,-6.26,-2.48,14.4257983194
52_30_30_30_52,PFBDB-T,0.27000000000000046,10.368201422,-6.26,-2.48,16.9819628489
52_30_30_30_52,PffBT4T-2DT,0.27000000000000046,10.368201422,-6.26,-2.48,16.1564919885
52_30_30_30_52,PTB7-Th,0.27000000000000046,10.368201422,-6.26,-2.48,14.783724114
52_30_30_30_52,PTFB-O,0.27000000000000046,10.368201422,-6.26,-2.48,16.0548467922
52_30_30_30_52,PTQ2,0.27000000000000046,10.368201422,-6.26,-2.48,17.9295240047
52_30_30_30_52,PCl3BDB-T,0.27000000000000046,10.368201422,-6.26,-2.48,15.6538870527
52_30_30_30_52,PCl4BDB-T,0.27000000000000046,10.368201422,-6.26,-2.48,15.9993910826
52_15_15_15_52,FTAZ,0.6800000000000006,7.632569634,-6.47,-2.59,12.6948250996
52_15_15_15_52,J71,0.6800000000000006,7.632569634,-6.47,-2.59,12.4661491211
52_15_15_15_52,P2,0.6800000000000006,7.632569634,-6.47,-2.59,14.1173792393
52_15_15_15_52,P3HT,0.6800000000000006,7.632569634,-6.47,-2.59,12.1065652233
52_15_15_15_52,PBDB-T,0.6800000000000006,7.632569634,-6.47,-2.59,13.3809161631
52_15_15_15_52,PBDB-T-2Cl,0.6800000000000006,7.632569634,-6.47,-2.59,16.1553259214
52_15_15_15_52,PBDB-TF,0.6800000000000006,7.632569634,-6.47,-2.59,15.5814959619
52_15_15_15_52,PBDB-T-SF,0.6800000000000006,7.632569634,-6.47,-2.59,16.5666448883
52_15_15_15_52,PBDT-3TCO,0.6800000000000006,7.632569634,-6.47,-2.59,13.2727985006
52_15_15_15_52,PBN-S,0.6800000000000006,7.632569634,-6.47,-2.59,16.3417596768
52_15_15_15_52,PBQ-4F,0.6800000000000006,7.632569634,-6.47,-2.59,13.6001098532
52_15_15_15_52,PDBT-T1,0.6800000000000006,7.632569634,-6.47,-2.59,13.5105647586
52_15_15_15_52,PDCBT,0.6800000000000006,7.632569634,-6.47,-2.59,12.7926753368
52_15_15_15_52,PDCBT-2F,0.6800000000000006,7.632569634,-6.47,-2.59,14.0030314542
52_15_15_15_52,PDCBT-Cl,0.6800000000000006,7.632569634,-6.47,-2.59,12.4033833473
52_15_15_15_52,PFBDB-T,0.6800000000000006,7.632569634,-6.47,-2.59,14.9595478768
52_15_15_15_52,PffBT4T-2DT,0.6800000000000006,7.632569634,-6.47,-2.59,14.1340770165
52_15_15_15_52,PTB7-Th,0.6800000000000006,7.632569634,-6.47,-2.59,12.7613091419
52_15_15_15_52,PTFB-O,0.6800000000000006,7.632569634,-6.47,-2.59,14.0324318201
52_15_15_15_52,PTQ2,0.6800000000000006,7.632569634,-6.47,-2.59,15.9071090326
52_15_15_15_52,PCl3BDB-T,0.6800000000000006,7.632569634,-6.47,-2.59,13.6314720806
52_15_15_15_52,PCl4BDB-T,0.6800000000000006,7.632569634,-6.47,-2.59,13.9769761105
78_15_15_15_78,FTAZ,0.6699999999999999,7.988980885,-6.55,-2.78,13.1430533922
78_15_15_15_78,J71,0.6699999999999999,7.988980885,-6.55,-2.78,12.9143774137
78_15_15_15_78,P2,0.6699999999999999,7.988980885,-6.55,-2.78,14.5656075319
78_15_15_15_78,P3HT,0.6699999999999999,7.988980885,-6.55,-2.78,12.5547935159
78_15_15_15_78,PBDB-T,0.6699999999999999,7.988980885,-6.55,-2.78,13.8291444557
78_15_15_15_78,PBDB-T-2Cl,0.6699999999999999,7.988980885,-6.55,-2.78,16.603554214
78_15_15_15_78,PBDB-TF,0.6699999999999999,7.988980885,-6.55,-2.78,16.0297242546
78_15_15_15_78,PBDB-T-SF,0.6699999999999999,7.988980885,-6.55,-2.78,17.0148731809
78_15_15_15_78,PBDT-3TCO,0.6699999999999999,7.988980885,-6.55,-2.78,13.7210267932
78_15_15_15_78,PBN-S,0.6699999999999999,7.988980885,-6.55,-2.78,16.7899879695
78_15_15_15_78,PBQ-4F,0.6699999999999999,7.988980885,-6.55,-2.78,14.0483381458
78_15_15_15_78,PDBT-T1,0.6699999999999999,7.988980885,-6.55,-2.78,13.9587930513
78_15_15_15_78,PDCBT,0.6699999999999999,7.988980885,-6.55,-2.78,13.2409036294
78_15_15_15_78,PDCBT-2F,0.6699999999999999,7.988980885,-6.55,-2.78,14.4512597468
78_15_15_15_78,PDCBT-Cl,0.6699999999999999,7.988980885,-6.55,-2.78,12.85161164
78_15_15_15_78,PFBDB-T,0.6699999999999999,7.988980885,-6.55,-2.78,15.4077761695
78_15_15_15_78,PffBT4T-2DT,0.6699999999999999,7.988980885,-6.55,-2.78,14.5823053091
78_15_15_15_78,PTB7-Th,0.6699999999999999,7.988980885,-6.55,-2.78,13.2095374345
78_15_15_15_78,PTFB-O,0.6699999999999999,7.988980885,-6.55,-2.78,14.4806601127
78_15_15_15_78,PTQ2,0.6699999999999999,7.988980885,-6.55,-2.78,16.3553373252
78_15_15_15_78,PCl3BDB-T,0.6699999999999999,7.988980885,-6.55,-2.78,14.0797003732
78_15_15_15_78,PCl4BDB-T,0.6699999999999999,7.988980885,-6.55,-2.78,14.4252044032
69_48_48_48_69,FTAZ,0.6699999999999999,10.507619219,-6.84,-3.42,16.6112183781
69_48_48_48_69,J71,0.6699999999999999,10.507619219,-6.84,-3.42,16.3825423996
69_48_48_48_69,P2,0.6699999999999999,10.507619219,-6.84,-3.42,18.0337725178
69_48_48_48_69,P3HT,0.6699999999999999,10.507619219,-6.84,-3.42,16.0229585018
69_48_48_48_69,PBDB-T,0.6699999999999999,10.507619219,-6.84,-3.42,17.2973094416
69_48_48_48_69,PBDB-T-2Cl,0.6699999999999999,10.507619219,-6.84,-3.42,20.0717191999
69_48_48_48_69,PBDB-TF,0.6699999999999999,10.507619219,-6.84,-3.42,19.4978892405
69_48_48_48_69,PBDB-T-SF,0.6699999999999999,10.507619219,-6.84,-3.42,20.4830381668
69_48_48_48_69,PBDT-3TCO,0.6699999999999999,10.507619219,-6.84,-3.42,17.1891917791
69_48_48_48_69,PBN-S,0.6699999999999999,10.507619219,-6.84,-3.42,20.2581529554
69_48_48_48_69,PBQ-4F,0.6699999999999999,10.507619219,-6.84,-3.42,17.5165031317
69_48_48_48_69,PDBT-T1,0.6699999999999999,10.507619219,-6.84,-3.42,17.4269580372
69_48_48_48_69,PDCBT,0.6699999999999999,10.507619219,-6.84,-3.42,16.7090686154
69_48_48_48_69,PDCBT-2F,0.6699999999999999,10.507619219,-6.84,-3.42,17.9194247327
69_48_48_48_69,PDCBT-Cl,0.6699999999999999,10.507619219,-6.84,-3.42,16.3197766259
69_48_48_48_69,PFBDB-T,0.6699999999999999,10.507619219,-6.84,-3.42,18.8759411554
69_48_48_48_69,PffBT4T-2DT,0.6699999999999999,10.507619219,-6.84,-3.42,18.050470295
69_48_48_48_69,PTB7-Th,0.6699999999999999,10.507619219,-6.84,-3.42,16.6777024204
69_48_48_48_69,PTFB-O,0.6699999999999999,10.507619219,-6.84,-3.42,17.9488250987
69_48_48_48_69,PTQ2,0.6699999999999999,10.507619219,-6.84,-3.42,19.8235023111
69_48_48_48_69,PCl3BDB-T,0.6699999999999999,10.507619219,-6.84,-3.42,17.5478653591
69_48_48_48_69,PCl4BDB-T,0.6699999999999999,10.507619219,-6.84,-3.42,17.8933693891
18_48_48_48_18,FTAZ,0.6799999999999997,9.822478034,-6.7,-3.25,15.7103289664
18_48_48_48_18,J71,0.6799999999999997,9.822478034,-6.7,-3.25,15.4816529879
18_48_48_48_18,P2,0.6799999999999997,9.822478034,-6.7,-3.25,17.1328831061
18_48_48_48_18,P3HT,0.6799999999999997,9.822478034,-6.7,-3.25,15.1220690901
18_48_48_48_18,PBDB-T,0.6799999999999997,9.822478034,-6.7,-3.25,16.3964200299
18_48_48_48_18,PBDB-T-2Cl,0.6799999999999997,9.822478034,-6.7,-3.25,19.1708297882
18_48_48_48_18,PBDB-TF,0.6799999999999997,9.822478034,-6.7,-3.25,18.5969998287
18_48_48_48_18,PBDB-T-SF,0.6799999999999997,9.822478034,-6.7,-3.25,19.5821487551
18_48_48_48_18,PBDT-3TCO,0.6799999999999997,9.822478034,-6.7,-3.25,16.2883023674
18_48_48_48_18,PBN-S,0.6799999999999997,9.822478034,-6.7,-3.25,19.3572635436
18_48_48_48_18,PBQ-4F,0.6799999999999997,9.822478034,-6.7,-3.25,16.61561372
18_48_48_48_18,PDBT-T1,0.6799999999999997,9.822478034,-6.7,-3.25,16.5260686254
18_48_48_48_18,PDCBT,0.6799999999999997,9.822478034,-6.7,-3.25,15.8081792036
18_48_48_48_18,PDCBT-2F,0.6799999999999997,9.822478034,-6.7,-3.25,17.018535321
18_48_48_48_18,PDCBT-Cl,0.6799999999999997,9.822478034,-6.7,-3.25,15.4188872141
18_48_48_48_18,PFBDB-T,0.6799999999999997,9.822478034,-6.7,-3.25,17.9750517436
18_48_48_48_18,PffBT4T-2DT,0.6799999999999997,9.822478034,-6.7,-3.25,17.1495808833
18_48_48_48_18,PTB7-Th,0.6799999999999997,9.822478034,-6.7,-3.25,15.7768130087
18_48_48_48_18,PTFB-O,0.6799999999999997,9.822478034,-6.7,-3.25,17.0479356869
18_48_48_48_18,PTQ2,0.6799999999999997,9.822478034,-6.7,-3.25,18.9226128994
18_48_48_48_18,PCl3BDB-T,0.6799999999999997,9.822478034,-6.7,-3.25,16.6469759474
18_48_48_48_18,PCl4BDB-T,0.6799999999999997,9.822478034,-6.7,-3.25,16.9924799773
84_48_48_48_84,FTAZ,0.7000000000000002,10.172036653,-7.04,-3.66,16.2767711847
84_48_48_48_84,J71,0.7000000000000002,10.172036653,-7.04,-3.66,16.0480952062
84_48_48_48_84,P2,0.7000000000000002,10.172036653,-7.04,-3.66,17.6993253244
84_48_48_48_84,P3HT,0.7000000000000002,10.172036653,-7.04,-3.66,15.6885113084
84_48_48_48_84,PBDB-T,0.7000000000000002,10.172036653,-7.04,-3.66,16.9628622482
84_48_48_48_84,PBDB-T-2Cl,0.7000000000000002,10.172036653,-7.04,-3.66,19.7372720065
84_48_48_48_84,PBDB-TF,0.7000000000000002,10.172036653,-7.04,-3.66,19.1634420471
84_48_48_48_84,PBDB-T-SF,0.7000000000000002,10.172036653,-7.04,-3.66,20.1485909734
84_48_48_48_84,PBDT-3TCO,0.7000000000000002,10.172036653,-7.04,-3.66,16.8547445857
84_48_48_48_84,PBN-S,0.7000000000000002,10.172036653,-7.04,-3.66,19.923705762
84_48_48_48_84,PBQ-4F,0.7000000000000002,10.172036653,-7.04,-3.66,17.1820559383
84_48_48_48_84,PDBT-T1,0.7000000000000002,10.172036653,-7.04,-3.66,17.0925108438
84_48_48_48_84,PDCBT,0.7000000000000002,10.172036653,-7.04,-3.66,16.374621422
84_48_48_48_84,PDCBT-2F,0.7000000000000002,10.172036653,-7.04,-3.66,17.5849775393
84_48_48_48_84,PDCBT-Cl,0.7000000000000002,10.172036653,-7.04,-3.66,15.9853294325
84_48_48_48_84,PFBDB-T,0.7000000000000002,10.172036653,-7.04,-3.66,18.541493962
84_48_48_48_84,PffBT4T-2DT,0.7000000000000002,10.172036653,-7.04,-3.66,17.7160231016
84_48_48_48_84,PTB7-Th,0.7000000000000002,10.172036653,-7.04,-3.66,16.3432552271
84_48_48_48_84,PTFB-O,0.7000000000000002,10.172036653,-7.04,-3.66,17.6143779053
84_48_48_48_84,PTQ2,0.7000000000000002,10.172036653,-7.04,-3.66,19.4890551178
84_48_48_48_84,PCl3BDB-T,0.7000000000000002,10.172036653,-7.04,-3.66,17.2134181657
84_48_48_48_84,PCl4BDB-T,0.7000000000000002,10.172036653,-7.04,-3.66,17.5589221957
78_20_20_20_78,FTAZ,0.7400000000000002,7.778221918,-6.12,-2.6,13.1506882946
78_20_20_20_78,J71,0.7400000000000002,7.778221918,-6.12,-2.6,12.9220123162
78_20_20_20_78,P2,0.7400000000000002,7.778221918,-6.12,-2.6,14.5732424343
78_20_20_20_78,P3HT,0.7400000000000002,7.778221918,-6.12,-2.6,12.5624284184
78_20_20_20_78,PBDB-T,0.7400000000000002,7.778221918,-6.12,-2.6,13.8367793581
78_20_20_20_78,PBDB-T-2Cl,0.7400000000000002,7.778221918,-6.12,-2.6,16.6111891164
78_20_20_20_78,PBDB-TF,0.7400000000000002,7.778221918,-6.12,-2.6,16.037359157
78_20_20_20_78,PBDB-T-SF,0.7400000000000002,7.778221918,-6.12,-2.6,17.0225080833
78_20_20_20_78,PBDT-3TCO,0.7400000000000002,7.778221918,-6.12,-2.6,13.7286616956
78_20_20_20_78,PBN-S,0.7400000000000002,7.778221918,-6.12,-2.6,16.7976228719
78_20_20_20_78,PBQ-4F,0.7400000000000002,7.778221918,-6.12,-2.6,14.0559730482
78_20_20_20_78,PDBT-T1,0.7400000000000002,7.778221918,-6.12,-2.6,13.9664279537
78_20_20_20_78,PDCBT,0.7400000000000002,7.778221918,-6.12,-2.6,13.2485385319
78_20_20_20_78,PDCBT-2F,0.7400000000000002,7.778221918,-6.12,-2.6,14.4588946492
78_20_20_20_78,PDCBT-Cl,0.7400000000000002,7.778221918,-6.12,-2.6,12.8592465424
78_20_20_20_78,PFBDB-T,0.7400000000000002,7.778221918,-6.12,-2.6,15.4154110719
78_20_20_20_78,PffBT4T-2DT,0.7400000000000002,7.778221918,-6.12,-2.6,14.5899402115
78_20_20_20_78,PTB7-Th,0.7400000000000002,7.778221918,-6.12,-2.6,13.217172337
78_20_20_20_78,PTFB-O,0.7400000000000002,7.778221918,-6.12,-2.6,14.4882950152
78_20_20_20_78,PTQ2,0.7400000000000002,7.778221918,-6.12,-2.6,16.3629722277
78_20_20_20_78,PCl3BDB-T,0.7400000000000002,7.778221918,-6.12,-2.6,14.0873352756
78_20_20_20_78,PCl4BDB-T,0.7400000000000002,7.778221918,-6.12,-2.6,14.4328393056
90_5_5_5_90,FTAZ,0.27000000000000046,11.082272682,-6.52,-2.72,15.7005161967
90_5_5_5_90,J71,0.27000000000000046,11.082272682,-6.52,-2.72,15.4718402182
90_5_5_5_90,P2,0.27000000000000046,11.082272682,-6.52,-2.72,17.1230703364
90_5_5_5_90,P3HT,0.27000000000000046,11.082272682,-6.52,-2.72,15.1122563204
90_5_5_5_90,PBDB-T,0.27000000000000046,11.082272682,-6.52,-2.72,16.3866072602
90_5_5_5_90,PBDB-T-2Cl,0.27000000000000046,11.082272682,-6.52,-2.72,19.1610170184
90_5_5_5_90,PBDB-TF,0.27000000000000046,11.082272682,-6.52,-2.72,18.587187059
90_5_5_5_90,PBDB-T-SF,0.27000000000000046,11.082272682,-6.52,-2.72,19.5723359854
90_5_5_5_90,PBDT-3TCO,0.27000000000000046,11.082272682,-6.52,-2.72,16.2784895977
90_5_5_5_90,PBN-S,0.27000000000000046,11.082272682,-6.52,-2.72,19.3474507739
90_5_5_5_90,PBQ-4F,0.27000000000000046,11.082272682,-6.52,-2.72,16.6058009503
90_5_5_5_90,PDBT-T1,0.27000000000000046,11.082272682,-6.52,-2.72,16.5162558557
90_5_5_5_90,PDCBT,0.27000000000000046,11.082272682,-6.52,-2.72,15.7983664339
90_5_5_5_90,PDCBT-2F,0.27000000000000046,11.082272682,-6.52,-2.72,17.0087225513
90_5_5_5_90,PDCBT-Cl,0.27000000000000046,11.082272682,-6.52,-2.72,15.4090744444
90_5_5_5_90,PFBDB-T,0.27000000000000046,11.082272682,-6.52,-2.72,17.9652389739
90_5_5_5_90,PffBT4T-2DT,0.27000000000000046,11.082272682,-6.52,-2.72,17.1397681136
90_5_5_5_90,PTB7-Th,0.27000000000000046,11.082272682,-6.52,-2.72,15.767000239
90_5_5_5_90,PTFB-O,0.27000000000000046,11.082272682,-6.52,-2.72,17.0381229172
90_5_5_5_90,PTQ2,0.27000000000000046,11.082272682,-6.52,-2.72,18.9128001297
90_5_5_5_90,PCl3BDB-T,0.27000000000000046,11.082272682,-6.52,-2.72,16.6371631777
90_5_5_5_90,PCl4BDB-T,0.27000000000000046,11.082272682,-6.52,-2.72,16.9826672076
69_11_11_11_69,FTAZ,0.40000000000000036,9.899486025,-6.34,-2.51,14.62496897
69_11_11_11_69,J71,0.40000000000000036,9.899486025,-6.34,-2.51,14.3962929915
69_11_11_11_69,P2,0.40000000000000036,9.899486025,-6.34,-2.51,16.0475231097
69_11_11_11_69,P3HT,0.40000000000000036,9.899486025,-6.34,-2.51,14.0367090937
69_11_11_11_69,PBDB-T,0.40000000000000036,9.899486025,-6.34,-2.51,15.3110600335
69_11_11_11_69,PBDB-T-2Cl,0.40000000000000036,9.899486025,-6.34,-2.51,18.0854697918
69_11_11_11_69,PBDB-TF,0.40000000000000036,9.899486025,-6.34,-2.51,17.5116398323
69_11_11_11_69,PBDB-T-SF,0.40000000000000036,9.899486025,-6.34,-2.51,18.4967887587
69_11_11_11_69,PBDT-3TCO,0.40000000000000036,9.899486025,-6.34,-2.51,15.202942371
69_11_11_11_69,PBN-S,0.40000000000000036,9.899486025,-6.34,-2.51,18.2719035472
69_11_11_11_69,PBQ-4F,0.40000000000000036,9.899486025,-6.34,-2.51,15.5302537236
69_11_11_11_69,PDBT-T1,0.40000000000000036,9.899486025,-6.34,-2.51,15.440708629
69_11_11_11_69,PDCBT,0.40000000000000036,9.899486025,-6.34,-2.51,14.7228192072
69_11_11_11_69,PDCBT-2F,0.40000000000000036,9.899486025,-6.34,-2.51,15.9331753246
69_11_11_11_69,PDCBT-Cl,0.40000000000000036,9.899486025,-6.34,-2.51,14.3335272178
69_11_11_11_69,PFBDB-T,0.40000000000000036,9.899486025,-6.34,-2.51,16.8896917473
69_11_11_11_69,PffBT4T-2DT,0.40000000000000036,9.899486025,-6.34,-2.51,16.0642208869
69_11_11_11_69,PTB7-Th,0.40000000000000036,9.899486025,-6.34,-2.51,14.6914530123
69_11_11_11_69,PTFB-O,0.40000000000000036,9.899486025,-6.34,-2.51,15.9625756905
69_11_11_11_69,PTQ2,0.40000000000000036,9.899486025,-6.34,-2.51,17.837252903
69_11_11_11_69,PCl3BDB-T,0.40000000000000036,9.899486025,-6.34,-2.51,15.561615951
69_11_11_11_69,PCl4BDB-T,0.40000000000000036,9.899486025,-6.34,-2.51,15.907119981
90_15_15_15_90,FTAZ,0.6800000000000006,8.016916499,-6.47,-2.63,13.2240707327
90_15_15_15_90,J71,0.6800000000000006,8.016916499,-6.47,-2.63,12.9953947542
90_15_15_15_90,P2,0.6800000000000006,8.016916499,-6.47,-2.63,14.6466248724
90_15_15_15_90,P3HT,0.6800000000000006,8.016916499,-6.47,-2.63,12.6358108564
90_15_15_15_90,PBDB-T,0.6800000000000006,8.016916499,-6.47,-2.63,13.9101617962
90_15_15_15_90,PBDB-T-2Cl,0.6800000000000006,8.016916499,-6.47,-2.63,16.6845715545
90_15_15_15_90,PBDB-TF,0.6800000000000006,8.016916499,-6.47,-2.63,16.110741595
90_15_15_15_90,PBDB-T-SF,0.6800000000000006,8.016916499,-6.47,-2.63,17.0958905214
90_15_15_15_90,PBDT-3TCO,0.6800000000000006,8.016916499,-6.47,-2.63,13.8020441337
90_15_15_15_90,PBN-S,0.6800000000000006,8.016916499,-6.47,-2.63,16.8710053099
90_15_15_15_90,PBQ-4F,0.6800000000000006,8.016916499,-6.47,-2.63,14.1293554863
90_15_15_15_90,PDBT-T1,0.6800000000000006,8.016916499,-6.47,-2.63,14.0398103917
90_15_15_15_90,PDCBT,0.6800000000000006,8.016916499,-6.47,-2.63,13.3219209699
90_15_15_15_90,PDCBT-2F,0.6800000000000006,8.016916499,-6.47,-2.63,14.5322770873
90_15_15_15_90,PDCBT-Cl,0.6800000000000006,8.016916499,-6.47,-2.63,12.9326289805
90_15_15_15_90,PFBDB-T,0.6800000000000006,8.016916499,-6.47,-2.63,15.48879351
90_15_15_15_90,PffBT4T-2DT,0.6800000000000006,8.016916499,-6.47,-2.63,14.6633226496
90_15_15_15_90,PTB7-Th,0.6800000000000006,8.016916499,-6.47,-2.63,13.290554775
90_15_15_15_90,PTFB-O,0.6800000000000006,8.016916499,-6.47,-2.63,14.5616774532
90_15_15_15_90,PTQ2,0.6800000000000006,8.016916499,-6.47,-2.63,16.4363546657
90_15_15_15_90,PCl3BDB-T,0.6800000000000006,8.016916499,-6.47,-2.63,14.1607177137
90_15_15_15_90,PCl4BDB-T,0.6800000000000006,8.016916499,-6.47,-2.63,14.5062217436
38_48_48_48_38,FTAZ,0.6299999999999999,8.752288594,-6.7,-3.27,14.0239281075
38_48_48_48_38,J71,0.6299999999999999,8.752288594,-6.7,-3.27,13.795252129
38_48_48_48_38,P2,0.6299999999999999,8.752288594,-6.7,-3.27,15.4464822472
38_48_48_48_38,P3HT,0.6299999999999999,8.752288594,-6.7,-3.27,13.4356682312
38_48_48_48_38,PBDB-T,0.6299999999999999,8.752288594,-6.7,-3.27,14.710019171
38_48_48_48_38,PBDB-T-2Cl,0.6299999999999999,8.752288594,-6.7,-3.27,17.4844289293
38_48_48_48_38,PBDB-TF,0.6299999999999999,8.752288594,-6.7,-3.27,16.9105989698
38_48_48_48_38,PBDB-T-SF,0.6299999999999999,8.752288594,-6.7,-3.27,17.8957478962
38_48_48_48_38,PBDT-3TCO,0.6299999999999999,8.752288594,-6.7,-3.27,14.6019015085
38_48_48_48_38,PBN-S,0.6299999999999999,8.752288594,-6.7,-3.27,17.6708626847
38_48_48_48_38,PBQ-4F,0.6299999999999999,8.752288594,-6.7,-3.27,14.9292128611
38_48_48_48_38,PDBT-T1,0.6299999999999999,8.752288594,-6.7,-3.27,14.8396677666
38_48_48_48_38,PDCBT,0.6299999999999999,8.752288594,-6.7,-3.27,14.1217783447
38_48_48_48_38,PDCBT-2F,0.6299999999999999,8.752288594,-6.7,-3.27,15.3321344621
38_48_48_48_38,PDCBT-Cl,0.6299999999999999,8.752288594,-6.7,-3.27,13.7324863553
38_48_48_48_38,PFBDB-T,0.6299999999999999,8.752288594,-6.7,-3.27,16.2886508848
38_48_48_48_38,PffBT4T-2DT,0.6299999999999999,8.752288594,-6.7,-3.27,15.4631800244
38_48_48_48_38,PTB7-Th,0.6299999999999999,8.752288594,-6.7,-3.27,14.0904121498
38_48_48_48_38,PTFB-O,0.6299999999999999,8.752288594,-6.7,-3.27,15.361534828
38_48_48_48_38,PTQ2,0.6299999999999999,8.752288594,-6.7,-3.27,17.2362120405
38_48_48_48_38,PCl3BDB-T,0.6299999999999999,8.752288594,-6.7,-3.27,14.9605750885
38_48_48_48_38,PCl4BDB-T,0.6299999999999999,8.752288594,-6.7,-3.27,15.3060791185
85_48_48_48_85,FTAZ,0.71,9.260330764,-6.82,-3.43,15.0639021756
85_48_48_48_85,J71,0.71,9.260330764,-6.82,-3.43,14.8352261971
85_48_48_48_85,P2,0.71,9.260330764,-6.82,-3.43,16.4864563153
85_48_48_48_85,P3HT,0.71,9.260330764,-6.82,-3.43,14.4756422993
85_48_48_48_85,PBDB-T,0.71,9.260330764,-6.82,-3.43,15.7499932391
85_48_48_48_85,PBDB-T-2Cl,0.71,9.260330764,-6.82,-3.43,18.5244029974
85_48_48_48_85,PBDB-TF,0.71,9.260330764,-6.82,-3.43,17.9505730379
85_48_48_48_85,PBDB-T-SF,0.71,9.260330764,-6.82,-3.43,18.9357219643
85_48_48_48_85,PBDT-3TCO,0.71,9.260330764,-6.82,-3.43,15.6418755766
85_48_48_48_85,PBN-S,0.71,9.260330764,-6.82,-3.43,18.7108367528
85_48_48_48_85,PBQ-4F,0.71,9.260330764,-6.82,-3.43,15.9691869292
85_48_48_48_85,PDBT-T1,0.71,9.260330764,-6.82,-3.43,15.8796418346
85_48_48_48_85,PDCBT,0.71,9.260330764,-6.82,-3.43,15.1617524128
85_48_48_48_85,PDCBT-2F,0.71,9.260330764,-6.82,-3.43,16.3721085302
85_48_48_48_85,PDCBT-Cl,0.71,9.260330764,-6.82,-3.43,14.7724604234
85_48_48_48_85,PFBDB-T,0.71,9.260330764,-6.82,-3.43,17.3286249529
85_48_48_48_85,PffBT4T-2DT,0.71,9.260330764,-6.82,-3.43,16.5031540925
85_48_48_48_85,PTB7-Th,0.71,9.260330764,-6.82,-3.43,15.1303862179
85_48_48_48_85,PTFB-O,0.71,9.260330764,-6.82,-3.43,16.4015088961
85_48_48_48_85,PTQ2,0.71,9.260330764,-6.82,-3.43,18.2761861086
85_48_48_48_85,PCl3BDB-T,0.71,9.260330764,-6.82,-3.43,16.0005491566
85_48_48_48_85,PCl4BDB-T,0.71,9.260330764,-6.82,-3.43,16.3460531866
46_48_48_48_46,FTAZ,1.7700000000000005,0.0,-5.92,-4.72,6.82272671354
46_48_48_48_46,J71,1.7700000000000005,0.0,-5.92,-4.72,6.59405073507
46_48_48_48_46,P2,1.7700000000000005,0.0,-5.92,-4.72,8.24528085325
46_48_48_48_46,P3HT,1.7700000000000005,0.0,-5.92,-4.72,6.23446683727
46_48_48_48_46,PBDB-T,1.7700000000000005,0.0,-5.92,-4.72,7.50881777704
46_48_48_48_46,PBDB-T-2Cl,1.7700000000000005,0.0,-5.92,-4.72,10.2832275353
46_48_48_48_46,PBDB-TF,1.7700000000000005,0.0,-5.92,-4.72,9.70939757591
46_48_48_48_46,PBDB-T-SF,1.7700000000000005,0.0,-5.92,-4.72,10.6945465022
46_48_48_48_46,PBDT-3TCO,1.7700000000000005,0.0,-5.92,-4.72,7.40070011455
46_48_48_48_46,PBN-S,1.7700000000000005,0.0,-5.92,-4.72,10.4696612908
46_48_48_48_46,PBQ-4F,1.7700000000000005,0.0,-5.92,-4.72,7.72801146715
46_48_48_48_46,PDBT-T1,1.7700000000000005,0.0,-5.92,-4.72,7.63846637261
46_48_48_48_46,PDCBT,1.7700000000000005,0.0,-5.92,-4.72,6.9205769508
46_48_48_48_46,PDCBT-2F,1.7700000000000005,0.0,-5.92,-4.72,8.13093306815
46_48_48_48_46,PDCBT-Cl,1.7700000000000005,0.0,-5.92,-4.72,6.53128496133
46_48_48_48_46,PFBDB-T,1.7700000000000005,0.0,-5.92,-4.72,9.08744949083
46_48_48_48_46,PffBT4T-2DT,1.7700000000000005,0.0,-5.92,-4.72,8.26197863045
46_48_48_48_46,PTB7-Th,1.7700000000000005,0.0,-5.92,-4.72,6.88921075587
46_48_48_48_46,PTFB-O,1.7700000000000005,0.0,-5.92,-4.72,8.1603334341
46_48_48_48_46,PTQ2,1.7700000000000005,0.0,-5.92,-4.72,10.0350106466
46_48_48_48_46,PCl3BDB-T,1.7700000000000005,0.0,-5.92,-4.72,7.75937369456
46_48_48_48_46,PCl4BDB-T,1.7700000000000005,0.0,-5.92,-4.72,8.10487772453
45_35_35_35_45,FTAZ,0.6500000000000004,8.26237919,-6.71,-2.73,13.4344228582
45_35_35_35_45,J71,0.6500000000000004,8.26237919,-6.71,-2.73,13.2057468797
45_35_35_35_45,P2,0.6500000000000004,8.26237919,-6.71,-2.73,14.8569769979
45_35_35_35_45,P3HT,0.6500000000000004,8.26237919,-6.71,-2.73,12.8461629819
45_35_35_35_45,PBDB-T,0.6500000000000004,8.26237919,-6.71,-2.73,14.1205139217
45_35_35_35_45,PBDB-T-2Cl,0.6500000000000004,8.26237919,-6.71,-2.73,16.89492368
45_35_35_35_45,PBDB-TF,0.6500000000000004,8.26237919,-6.71,-2.73,16.3210937205
45_35_35_35_45,PBDB-T-SF,0.6500000000000004,8.26237919,-6.71,-2.73,17.3062426469
45_35_35_35_45,PBDT-3TCO,0.6500000000000004,8.26237919,-6.71,-2.73,14.0123962592
45_35_35_35_45,PBN-S,0.6500000000000004,8.26237919,-6.71,-2.73,17.0813574354
45_35_35_35_45,PBQ-4F,0.6500000000000004,8.26237919,-6.71,-2.73,14.3397076118
45_35_35_35_45,PDBT-T1,0.6500000000000004,8.26237919,-6.71,-2.73,14.2501625172
45_35_35_35_45,PDCBT,0.6500000000000004,8.26237919,-6.71,-2.73,13.5322730954
45_35_35_35_45,PDCBT-2F,0.6500000000000004,8.26237919,-6.71,-2.73,14.7426292128
45_35_35_35_45,PDCBT-Cl,0.6500000000000004,8.26237919,-6.71,-2.73,13.142981106
45_35_35_35_45,PFBDB-T,0.6500000000000004,8.26237919,-6.71,-2.73,15.6991456355
45_35_35_35_45,PffBT4T-2DT,0.6500000000000004,8.26237919,-6.71,-2.73,14.8736747751
45_35_35_35_45,PTB7-Th,0.6500000000000004,8.26237919,-6.71,-2.73,13.5009069005
45_35_35_35_45,PTFB-O,0.6500000000000004,8.26237919,-6.71,-2.73,14.7720295787
45_35_35_35_45,PTQ2,0.6500000000000004,8.26237919,-6.71,-2.73,16.6467067912
45_35_35_35_45,PCl3BDB-T,0.6500000000000004,8.26237919,-6.71,-2.73,14.3710698392
45_35_35_35_45,PCl4BDB-T,0.6500000000000004,8.26237919,-6.71,-2.73,14.7165738692
87_48_48_48_87,FTAZ,0.6699999999999999,9.461942989,-6.76,-3.32,15.1713222094
87_48_48_48_87,J71,0.6699999999999999,9.461942989,-6.76,-3.32,14.9426462309
87_48_48_48_87,P2,0.6699999999999999,9.461942989,-6.76,-3.32,16.5938763491
87_48_48_48_87,P3HT,0.6699999999999999,9.461942989,-6.76,-3.32,14.5830623331
87_48_48_48_87,PBDB-T,0.6699999999999999,9.461942989,-6.76,-3.32,15.8574132729
87_48_48_48_87,PBDB-T-2Cl,0.6699999999999999,9.461942989,-6.76,-3.32,18.6318230312
87_48_48_48_87,PBDB-TF,0.6699999999999999,9.461942989,-6.76,-3.32,18.0579930718
87_48_48_48_87,PBDB-T-SF,0.6699999999999999,9.461942989,-6.76,-3.32,19.0431419981
87_48_48_48_87,PBDT-3TCO,0.6699999999999999,9.461942989,-6.76,-3.32,15.7492956104
87_48_48_48_87,PBN-S,0.6699999999999999,9.461942989,-6.76,-3.32,18.8182567867
87_48_48_48_87,PBQ-4F,0.6699999999999999,9.461942989,-6.76,-3.32,16.076606963
87_48_48_48_87,PDBT-T1,0.6699999999999999,9.461942989,-6.76,-3.32,15.9870618685
87_48_48_48_87,PDCBT,0.6699999999999999,9.461942989,-6.76,-3.32,15.2691724466
87_48_48_48_87,PDCBT-2F,0.6699999999999999,9.461942989,-6.76,-3.32,16.479528564
87_48_48_48_87,PDCBT-Cl,0.6699999999999999,9.461942989,-6.76,-3.32,14.8798804572
87_48_48_48_87,PFBDB-T,0.6699999999999999,9.461942989,-6.76,-3.32,17.4360449867
87_48_48_48_87,PffBT4T-2DT,0.6699999999999999,9.461942989,-6.76,-3.32,16.6105741263
87_48_48_48_87,PTB7-Th,0.6699999999999999,9.461942989,-6.76,-3.32,15.2378062517
87_48_48_48_87,PTFB-O,0.6699999999999999,9.461942989,-6.76,-3.32,16.50892893
87_48_48_48_87,PTQ2,0.6699999999999999,9.461942989,-6.76,-3.32,18.3836061424
87_48_48_48_87,PCl3BDB-T,0.6699999999999999,9.461942989,-6.76,-3.32,16.1079691904
87_48_48_48_87,PCl4BDB-T,0.6699999999999999,9.461942989,-6.76,-3.32,16.4534732204
3_48_48_48_3,FTAZ,0.6500000000000004,9.573906536,-6.88,-3.44,15.2403960136
3_48_48_48_3,J71,0.6500000000000004,9.573906536,-6.88,-3.44,15.0117200351
3_48_48_48_3,P2,0.6500000000000004,9.573906536,-6.88,-3.44,16.6629501533
3_48_48_48_3,P3HT,0.6500000000000004,9.573906536,-6.88,-3.44,14.6521361373
3_48_48_48_3,PBDB-T,0.6500000000000004,9.573906536,-6.88,-3.44,15.9264870771
3_48_48_48_3,PBDB-T-2Cl,0.6500000000000004,9.573906536,-6.88,-3.44,18.7008968354
3_48_48_48_3,PBDB-TF,0.6500000000000004,9.573906536,-6.88,-3.44,18.127066876
3_48_48_48_3,PBDB-T-SF,0.6500000000000004,9.573906536,-6.88,-3.44,19.1122158023
3_48_48_48_3,PBDT-3TCO,0.6500000000000004,9.573906536,-6.88,-3.44,15.8183694146
3_48_48_48_3,PBN-S,0.6500000000000004,9.573906536,-6.88,-3.44,18.8873305909
3_48_48_48_3,PBQ-4F,0.6500000000000004,9.573906536,-6.88,-3.44,16.1456807672
3_48_48_48_3,PDBT-T1,0.6500000000000004,9.573906536,-6.88,-3.44,16.0561356727
3_48_48_48_3,PDCBT,0.6500000000000004,9.573906536,-6.88,-3.44,15.3382462509
3_48_48_48_3,PDCBT-2F,0.6500000000000004,9.573906536,-6.88,-3.44,16.5486023682
3_48_48_48_3,PDCBT-Cl,0.6500000000000004,9.573906536,-6.88,-3.44,14.9489542614
3_48_48_48_3,PFBDB-T,0.6500000000000004,9.573906536,-6.88,-3.44,17.5051187909
3_48_48_48_3,PffBT4T-2DT,0.6500000000000004,9.573906536,-6.88,-3.44,16.6796479305
3_48_48_48_3,PTB7-Th,0.6500000000000004,9.573906536,-6.88,-3.44,15.3068800559
3_48_48_48_3,PTFB-O,0.6500000000000004,9.573906536,-6.88,-3.44,16.5780027342
3_48_48_48_3,PTQ2,0.6500000000000004,9.573906536,-6.88,-3.44,18.4526799466
3_48_48_48_3,PCl3BDB-T,0.6500000000000004,9.573906536,-6.88,-3.44,16.1770429946
3_48_48_48_3,PCl4BDB-T,0.6500000000000004,9.573906536,-6.88,-3.44,16.5225470246
78_11_11_11_78,FTAZ,0.3899999999999997,9.947485238,-6.37,-2.64,14.6485138863
78_11_11_11_78,J71,0.3899999999999997,9.947485238,-6.37,-2.64,14.4198379078
78_11_11_11_78,P2,0.3899999999999997,9.947485238,-6.37,-2.64,16.071068026
78_11_11_11_78,P3HT,0.3899999999999997,9.947485238,-6.37,-2.64,14.06025401
78_11_11_11_78,PBDB-T,0.3899999999999997,9.947485238,-6.37,-2.64,15.3346049498
78_11_11_11_78,PBDB-T-2Cl,0.3899999999999997,9.947485238,-6.37,-2.64,18.1090147081
78_11_11_11_78,PBDB-TF,0.3899999999999997,9.947485238,-6.37,-2.64,17.5351847486
78_11_11_11_78,PBDB-T-SF,0.3899999999999997,9.947485238,-6.37,-2.64,18.520333675
78_11_11_11_78,PBDT-3TCO,0.3899999999999997,9.947485238,-6.37,-2.64,15.2264872873
78_11_11_11_78,PBN-S,0.3899999999999997,9.947485238,-6.37,-2.64,18.2954484635
78_11_11_11_78,PBQ-4F,0.3899999999999997,9.947485238,-6.37,-2.64,15.5537986399
78_11_11_11_78,PDBT-T1,0.3899999999999997,9.947485238,-6.37,-2.64,15.4642535453
78_11_11_11_78,PDCBT,0.3899999999999997,9.947485238,-6.37,-2.64,14.7463641235
78_11_11_11_78,PDCBT-2F,0.3899999999999997,9.947485238,-6.37,-2.64,15.9567202409
78_11_11_11_78,PDCBT-Cl,0.3899999999999997,9.947485238,-6.37,-2.64,14.3570721341
78_11_11_11_78,PFBDB-T,0.3899999999999997,9.947485238,-6.37,-2.64,16.9132366636
78_11_11_11_78,PffBT4T-2DT,0.3899999999999997,9.947485238,-6.37,-2.64,16.0877658032
78_11_11_11_78,PTB7-Th,0.3899999999999997,9.947485238,-6.37,-2.64,14.7149979286
78_11_11_11_78,PTFB-O,0.3899999999999997,9.947485238,-6.37,-2.64,15.9861206068
78_11_11_11_78,PTQ2,0.3899999999999997,9.947485238,-6.37,-2.64,17.8607978193
78_11_11_11_78,PCl3BDB-T,0.3899999999999997,9.947485238,-6.37,-2.64,15.5851608673
78_11_11_11_78,PCl4BDB-T,0.3899999999999997,9.947485238,-6.37,-2.64,15.9306648973
88_48_48_48_88,FTAZ,0.6900000000000004,9.800693602,-6.92,-3.54,15.7228818035
88_48_48_48_88,J71,0.6900000000000004,9.800693602,-6.92,-3.54,15.494205825
88_48_48_48_88,P2,0.6900000000000004,9.800693602,-6.92,-3.54,17.1454359432
88_48_48_48_88,P3HT,0.6900000000000004,9.800693602,-6.92,-3.54,15.1346219272
88_48_48_48_88,PBDB-T,0.6900000000000004,9.800693602,-6.92,-3.54,16.408972867
88_48_48_48_88,PBDB-T-2Cl,0.6900000000000004,9.800693602,-6.92,-3.54,19.1833826253
88_48_48_48_88,PBDB-TF,0.6900000000000004,9.800693602,-6.92,-3.54,18.6095526659
88_48_48_48_88,PBDB-T-SF,0.6900000000000004,9.800693602,-6.92,-3.54,19.5947015922
88_48_48_48_88,PBDT-3TCO,0.6900000000000004,9.800693602,-6.92,-3.54,16.3008552045
88_48_48_48_88,PBN-S,0.6900000000000004,9.800693602,-6.92,-3.54,19.3698163808
88_48_48_48_88,PBQ-4F,0.6900000000000004,9.800693602,-6.92,-3.54,16.6281665571
88_48_48_48_88,PDBT-T1,0.6900000000000004,9.800693602,-6.92,-3.54,16.5386214626
88_48_48_48_88,PDCBT,0.6900000000000004,9.800693602,-6.92,-3.54,15.8207320408
88_48_48_48_88,PDCBT-2F,0.6900000000000004,9.800693602,-6.92,-3.54,17.0310881581
88_48_48_48_88,PDCBT-Cl,0.6900000000000004,9.800693602,-6.92,-3.54,15.4314400513
88_48_48_48_88,PFBDB-T,0.6900000000000004,9.800693602,-6.92,-3.54,17.9876045808
88_48_48_48_88,PffBT4T-2DT,0.6900000000000004,9.800693602,-6.92,-3.54,17.1621337204
88_48_48_48_88,PTB7-Th,0.6900000000000004,9.800693602,-6.92,-3.54,15.7893658458
88_48_48_48_88,PTFB-O,0.6900000000000004,9.800693602,-6.92,-3.54,17.0604885241
88_48_48_48_88,PTQ2,0.6900000000000004,9.800693602,-6.92,-3.54,18.9351657365
88_48_48_48_88,PCl3BDB-T,0.6900000000000004,9.800693602,-6.92,-3.54,16.6595287845
88_48_48_48_88,PCl4BDB-T,0.6900000000000004,9.800693602,-6.92,-3.54,17.0050328145
12_48_48_48_12,FTAZ,0.6900000000000004,9.853417095,-6.96,-3.55,15.7954820534
12_48_48_48_12,J71,0.6900000000000004,9.853417095,-6.96,-3.55,15.5668060749
12_48_48_48_12,P2,0.6900000000000004,9.853417095,-6.96,-3.55,17.2180361931
12_48_48_48_12,P3HT,0.6900000000000004,9.853417095,-6.96,-3.55,15.2072221771
12_48_48_48_12,PBDB-T,0.6900000000000004,9.853417095,-6.96,-3.55,16.4815731169
12_48_48_48_12,PBDB-T-2Cl,0.6900000000000004,9.853417095,-6.96,-3.55,19.2559828751
12_48_48_48_12,PBDB-TF,0.6900000000000004,9.853417095,-6.96,-3.55,18.6821529157
12_48_48_48_12,PBDB-T-SF,0.6900000000000004,9.853417095,-6.96,-3.55,19.6673018421
12_48_48_48_12,PBDT-3TCO,0.6900000000000004,9.853417095,-6.96,-3.55,16.3734554544
12_48_48_48_12,PBN-S,0.6900000000000004,9.853417095,-6.96,-3.55,19.4424166306
12_48_48_48_12,PBQ-4F,0.6900000000000004,9.853417095,-6.96,-3.55,16.700766807
12_48_48_48_12,PDBT-T1,0.6900000000000004,9.853417095,-6.96,-3.55,16.6112217124
12_48_48_48_12,PDCBT,0.6900000000000004,9.853417095,-6.96,-3.55,15.8933322906
12_48_48_48_12,PDCBT-2F,0.6900000000000004,9.853417095,-6.96,-3.55,17.103688408
12_48_48_48_12,PDCBT-Cl,0.6900000000000004,9.853417095,-6.96,-3.55,15.5040403011
12_48_48_48_12,PFBDB-T,0.6900000000000004,9.853417095,-6.96,-3.55,18.0602048306
12_48_48_48_12,PffBT4T-2DT,0.6900000000000004,9.853417095,-6.96,-3.55,17.2347339703
12_48_48_48_12,PTB7-Th,0.6900000000000004,9.853417095,-6.96,-3.55,15.8619660957
12_48_48_48_12,PTFB-O,0.6900000000000004,9.853417095,-6.96,-3.55,17.1330887739
12_48_48_48_12,PTQ2,0.6900000000000004,9.853417095,-6.96,-3.55,19.0077659864
12_48_48_48_12,PCl3BDB-T,0.6900000000000004,9.853417095,-6.96,-3.55,16.7321290344
12_48_48_48_12,PCl4BDB-T,0.6900000000000004,9.853417095,-6.96,-3.55,17.0776330643
16_48_48_48_16,FTAZ,0.5900000000000007,9.486617992,-6.64,-3.66,14.8648996885
16_48_48_48_16,J71,0.5900000000000007,9.486617992,-6.64,-3.66,14.6362237101
16_48_48_48_16,P2,0.5900000000000007,9.486617992,-6.64,-3.66,16.2874538282
16_48_48_48_16,P3HT,0.5900000000000007,9.486617992,-6.64,-3.66,14.2766398123
16_48_48_48_16,PBDB-T,0.5900000000000007,9.486617992,-6.64,-3.66,15.550990752
16_48_48_48_16,PBDB-T-2Cl,0.5900000000000007,9.486617992,-6.64,-3.66,18.3254005103
16_48_48_48_16,PBDB-TF,0.5900000000000007,9.486617992,-6.64,-3.66,17.7515705509
16_48_48_48_16,PBDB-T-SF,0.5900000000000007,9.486617992,-6.64,-3.66,18.7367194772
16_48_48_48_16,PBDT-3TCO,0.5900000000000007,9.486617992,-6.64,-3.66,15.4428730895
16_48_48_48_16,PBN-S,0.5900000000000007,9.486617992,-6.64,-3.66,18.5118342658
16_48_48_48_16,PBQ-4F,0.5900000000000007,9.486617992,-6.64,-3.66,15.7701844421
16_48_48_48_16,PDBT-T1,0.5900000000000007,9.486617992,-6.64,-3.66,15.6806393476
16_48_48_48_16,PDCBT,0.5900000000000007,9.486617992,-6.64,-3.66,14.9627499258
16_48_48_48_16,PDCBT-2F,0.5900000000000007,9.486617992,-6.64,-3.66,16.1731060431
16_48_48_48_16,PDCBT-Cl,0.5900000000000007,9.486617992,-6.64,-3.66,14.5734579363
16_48_48_48_16,PFBDB-T,0.5900000000000007,9.486617992,-6.64,-3.66,17.1296224658
16_48_48_48_16,PffBT4T-2DT,0.5900000000000007,9.486617992,-6.64,-3.66,16.3041516054
16_48_48_48_16,PTB7-Th,0.5900000000000007,9.486617992,-6.64,-3.66,14.9313837309
16_48_48_48_16,PTFB-O,0.5900000000000007,9.486617992,-6.64,-3.66,16.2025064091
16_48_48_48_16,PTQ2,0.5900000000000007,9.486617992,-6.64,-3.66,18.0771836216
16_48_48_48_16,PCl3BDB-T,0.5900000000000007,9.486617992,-6.64,-3.66,15.8015466695
16_48_48_48_16,PCl4BDB-T,0.5900000000000007,9.486617992,-6.64,-3.66,16.1470506995
55_48_48_48_55,FTAZ,0.6699999999999999,10.132801722,-6.79,-3.36,16.0950946847
55_48_48_48_55,J71,0.6699999999999999,10.132801722,-6.79,-3.36,15.8664187063
55_48_48_48_55,P2,0.6699999999999999,10.132801722,-6.79,-3.36,17.5176488244
55_48_48_48_55,P3HT,0.6699999999999999,10.132801722,-6.79,-3.36,15.5068348085
55_48_48_48_55,PBDB-T,0.6699999999999999,10.132801722,-6.79,-3.36,16.7811857482
55_48_48_48_55,PBDB-T-2Cl,0.6699999999999999,10.132801722,-6.79,-3.36,19.5555955065
55_48_48_48_55,PBDB-TF,0.6699999999999999,10.132801722,-6.79,-3.36,18.9817655471
55_48_48_48_55,PBDB-T-SF,0.6699999999999999,10.132801722,-6.79,-3.36,19.9669144734
55_48_48_48_55,PBDT-3TCO,0.6699999999999999,10.132801722,-6.79,-3.36,16.6730680857
55_48_48_48_55,PBN-S,0.6699999999999999,10.132801722,-6.79,-3.36,19.742029262
55_48_48_48_55,PBQ-4F,0.6699999999999999,10.132801722,-6.79,-3.36,17.0003794383
55_48_48_48_55,PDBT-T1,0.6699999999999999,10.132801722,-6.79,-3.36,16.9108343438
55_48_48_48_55,PDCBT,0.6699999999999999,10.132801722,-6.79,-3.36,16.192944922
55_48_48_48_55,PDCBT-2F,0.6699999999999999,10.132801722,-6.79,-3.36,17.4033010393
55_48_48_48_55,PDCBT-Cl,0.6699999999999999,10.132801722,-6.79,-3.36,15.8036529325
55_48_48_48_55,PFBDB-T,0.6699999999999999,10.132801722,-6.79,-3.36,18.359817462
55_48_48_48_55,PffBT4T-2DT,0.6699999999999999,10.132801722,-6.79,-3.36,17.5343466016
55_48_48_48_55,PTB7-Th,0.6699999999999999,10.132801722,-6.79,-3.36,16.1615787271
55_48_48_48_55,PTFB-O,0.6699999999999999,10.132801722,-6.79,-3.36,17.4327014053
55_48_48_48_55,PTQ2,0.6699999999999999,10.132801722,-6.79,-3.36,19.3073786178
55_48_48_48_55,PCl3BDB-T,0.6699999999999999,10.132801722,-6.79,-3.36,17.0317416658
55_48_48_48_55,PCl4BDB-T,0.6699999999999999,10.132801722,-6.79,-3.36,17.3772456957
52_48_48_48_52,FTAZ,0.6600000000000001,10.398995058,-6.8,-3.38,16.4190929084
52_48_48_48_52,J71,0.6600000000000001,10.398995058,-6.8,-3.38,16.1904169299
52_48_48_48_52,P2,0.6600000000000001,10.398995058,-6.8,-3.38,17.8416470481
52_48_48_48_52,P3HT,0.6600000000000001,10.398995058,-6.8,-3.38,15.8308330321
52_48_48_48_52,PBDB-T,0.6600000000000001,10.398995058,-6.8,-3.38,17.1051839719
52_48_48_48_52,PBDB-T-2Cl,0.6600000000000001,10.398995058,-6.8,-3.38,19.8795937302
52_48_48_48_52,PBDB-TF,0.6600000000000001,10.398995058,-6.8,-3.38,19.3057637708
52_48_48_48_52,PBDB-T-SF,0.6600000000000001,10.398995058,-6.8,-3.38,20.2909126971
52_48_48_48_52,PBDT-3TCO,0.6600000000000001,10.398995058,-6.8,-3.38,16.9970663094
52_48_48_48_52,PBN-S,0.6600000000000001,10.398995058,-6.8,-3.38,20.0660274857
52_48_48_48_52,PBQ-4F,0.6600000000000001,10.398995058,-6.8,-3.38,17.324377662
52_48_48_48_52,PDBT-T1,0.6600000000000001,10.398995058,-6.8,-3.38,17.2348325675
52_48_48_48_52,PDCBT,0.6600000000000001,10.398995058,-6.8,-3.38,16.5169431457
52_48_48_48_52,PDCBT-2F,0.6600000000000001,10.398995058,-6.8,-3.38,17.727299263
52_48_48_48_52,PDCBT-Cl,0.6600000000000001,10.398995058,-6.8,-3.38,16.1276511562
52_48_48_48_52,PFBDB-T,0.6600000000000001,10.398995058,-6.8,-3.38,18.6838156857
52_48_48_48_52,PffBT4T-2DT,0.6600000000000001,10.398995058,-6.8,-3.38,17.8583448253
52_48_48_48_52,PTB7-Th,0.6600000000000001,10.398995058,-6.8,-3.38,16.4855769507
52_48_48_48_52,PTFB-O,0.6600000000000001,10.398995058,-6.8,-3.38,17.756699629
52_48_48_48_52,PTQ2,0.6600000000000001,10.398995058,-6.8,-3.38,19.6313768414
52_48_48_48_52,PCl3BDB-T,0.6600000000000001,10.398995058,-6.8,-3.38,17.3557398894
52_48_48_48_52,PCl4BDB-T,0.6600000000000001,10.398995058,-6.8,-3.38,17.7012439194
78_48_48_48_78,FTAZ,0.6600000000000001,10.637485077,-6.87,-3.45,16.7474936646
78_48_48_48_78,J71,0.6600000000000001,10.637485077,-6.87,-3.45,16.5188176861
78_48_48_48_78,P2,0.6600000000000001,10.637485077,-6.87,-3.45,18.1700478043
78_48_48_48_78,P3HT,0.6600000000000001,10.637485077,-6.87,-3.45,16.1592337883
78_48_48_48_78,PBDB-T,0.6600000000000001,10.637485077,-6.87,-3.45,17.4335847281
78_48_48_48_78,PBDB-T-2Cl,0.6600000000000001,10.637485077,-6.87,-3.45,20.2079944864
78_48_48_48_78,PBDB-TF,0.6600000000000001,10.637485077,-6.87,-3.45,19.6341645269
78_48_48_48_78,PBDB-T-SF,0.6600000000000001,10.637485077,-6.87,-3.45,20.6193134533
78_48_48_48_78,PBDT-3TCO,0.6600000000000001,10.637485077,-6.87,-3.45,17.3254670656
78_48_48_48_78,PBN-S,0.6600000000000001,10.637485077,-6.87,-3.45,20.3944282418
78_48_48_48_78,PBQ-4F,0.6600000000000001,10.637485077,-6.87,-3.45,17.6527784182
78_48_48_48_78,PDBT-T1,0.6600000000000001,10.637485077,-6.87,-3.45,17.5632333236
78_48_48_48_78,PDCBT,0.6600000000000001,10.637485077,-6.87,-3.45,16.8453439018
78_48_48_48_78,PDCBT-2F,0.6600000000000001,10.637485077,-6.87,-3.45,18.0557000192
78_48_48_48_78,PDCBT-Cl,0.6600000000000001,10.637485077,-6.87,-3.45,16.4560519124
78_48_48_48_78,PFBDB-T,0.6600000000000001,10.637485077,-6.87,-3.45,19.0122164419
78_48_48_48_78,PffBT4T-2DT,0.6600000000000001,10.637485077,-6.87,-3.45,18.1867455815
78_48_48_48_78,PTB7-Th,0.6600000000000001,10.637485077,-6.87,-3.45,16.8139777069
78_48_48_48_78,PTFB-O,0.6600000000000001,10.637485077,-6.87,-3.45,18.0851003851
78_48_48_48_78,PTQ2,0.6600000000000001,10.637485077,-6.87,-3.45,19.9597775976
78_48_48_48_78,PCl3BDB-T,0.6600000000000001,10.637485077,-6.87,-3.45,17.6841406456
78_48_48_48_78,PCl4BDB-T,0.6600000000000001,10.637485077,-6.87,-3.45,18.0296446756
90_39_39_39_90,FTAZ,0.6799999999999997,7.522876699,-6.11,-2.52,12.5437779281
90_39_39_39_90,J71,0.6799999999999997,7.522876699,-6.11,-2.52,12.3151019496
90_39_39_39_90,P2,0.6799999999999997,7.522876699,-6.11,-2.52,13.9663320678
90_39_39_39_90,P3HT,0.6799999999999997,7.522876699,-6.11,-2.52,11.9555180518
90_39_39_39_90,PBDB-T,0.6799999999999997,7.522876699,-6.11,-2.52,13.2298689916
90_39_39_39_90,PBDB-T-2Cl,0.6799999999999997,7.522876699,-6.11,-2.52,16.0042787499
90_39_39_39_90,PBDB-TF,0.6799999999999997,7.522876699,-6.11,-2.52,15.4304487904
90_39_39_39_90,PBDB-T-SF,0.6799999999999997,7.522876699,-6.11,-2.52,16.4155977168
90_39_39_39_90,PBDT-3TCO,0.6799999999999997,7.522876699,-6.11,-2.52,13.1217513291
90_39_39_39_90,PBN-S,0.6799999999999997,7.522876699,-6.11,-2.52,16.1907125053
90_39_39_39_90,PBQ-4F,0.6799999999999997,7.522876699,-6.11,-2.52,13.4490626817
90_39_39_39_90,PDBT-T1,0.6799999999999997,7.522876699,-6.11,-2.52,13.3595175871
90_39_39_39_90,PDCBT,0.6799999999999997,7.522876699,-6.11,-2.52,12.6416281653
90_39_39_39_90,PDCBT-2F,0.6799999999999997,7.522876699,-6.11,-2.52,13.8519842827
90_39_39_39_90,PDCBT-Cl,0.6799999999999997,7.522876699,-6.11,-2.52,12.2523361759
90_39_39_39_90,PFBDB-T,0.6799999999999997,7.522876699,-6.11,-2.52,14.8085007054
90_39_39_39_90,PffBT4T-2DT,0.6799999999999997,7.522876699,-6.11,-2.52,13.983029845
90_39_39_39_90,PTB7-Th,0.6799999999999997,7.522876699,-6.11,-2.52,12.6102619704
90_39_39_39_90,PTFB-O,0.6799999999999997,7.522876699,-6.11,-2.52,13.8813846486
90_39_39_39_90,PTQ2,0.6799999999999997,7.522876699,-6.11,-2.52,15.7560618611
90_39_39_39_90,PCl3BDB-T,0.6799999999999997,7.522876699,-6.11,-2.52,13.4804249091
90_39_39_39_90,PCl4BDB-T,0.6799999999999997,7.522876699,-6.11,-2.52,13.825928939
24_48_48_48_24,FTAZ,0.6799999999999997,9.696614957,-6.87,-3.42,15.5370155093
24_48_48_48_24,J71,0.6799999999999997,9.696614957,-6.87,-3.42,15.3083395309
24_48_48_48_24,P2,0.6799999999999997,9.696614957,-6.87,-3.42,16.959569649
24_48_48_48_24,P3HT,0.6799999999999997,9.696614957,-6.87,-3.42,14.9487556331
24_48_48_48_24,PBDB-T,0.6799999999999997,9.696614957,-6.87,-3.42,16.2231065728
24_48_48_48_24,PBDB-T-2Cl,0.6799999999999997,9.696614957,-6.87,-3.42,18.9975163311
24_48_48_48_24,PBDB-TF,0.6799999999999997,9.696614957,-6.87,-3.42,18.4236863717
24_48_48_48_24,PBDB-T-SF,0.6799999999999997,9.696614957,-6.87,-3.42,19.408835298
24_48_48_48_24,PBDT-3TCO,0.6799999999999997,9.696614957,-6.87,-3.42,16.1149889103
24_48_48_48_24,PBN-S,0.6799999999999997,9.696614957,-6.87,-3.42,19.1839500866
24_48_48_48_24,PBQ-4F,0.6799999999999997,9.696614957,-6.87,-3.42,16.4423002629
24_48_48_48_24,PDBT-T1,0.6799999999999997,9.696614957,-6.87,-3.42,16.3527551684
24_48_48_48_24,PDCBT,0.6799999999999997,9.696614957,-6.87,-3.42,15.6348657466
24_48_48_48_24,PDCBT-2F,0.6799999999999997,9.696614957,-6.87,-3.42,16.8452218639
24_48_48_48_24,PDCBT-Cl,0.6799999999999997,9.696614957,-6.87,-3.42,15.2455737571
24_48_48_48_24,PFBDB-T,0.6799999999999997,9.696614957,-6.87,-3.42,17.8017382866
24_48_48_48_24,PffBT4T-2DT,0.6799999999999997,9.696614957,-6.87,-3.42,16.9762674262
24_48_48_48_24,PTB7-Th,0.6799999999999997,9.696614957,-6.87,-3.42,15.6034995517
24_48_48_48_24,PTFB-O,0.6799999999999997,9.696614957,-6.87,-3.42,16.8746222299
24_48_48_48_24,PTQ2,0.6799999999999997,9.696614957,-6.87,-3.42,18.7492994424
24_48_48_48_24,PCl3BDB-T,0.6799999999999997,9.696614957,-6.87,-3.42,16.4736624903
24_48_48_48_24,PCl4BDB-T,0.6799999999999997,9.696614957,-6.87,-3.42,16.8191665203
82_48_48_48_82,FTAZ,0.6699999999999999,9.734887928,-6.88,-3.42,15.5471673904
82_48_48_48_82,J71,0.6699999999999999,9.734887928,-6.88,-3.42,15.3184914119
82_48_48_48_82,P2,0.6699999999999999,9.734887928,-6.88,-3.42,16.9697215301
82_48_48_48_82,P3HT,0.6699999999999999,9.734887928,-6.88,-3.42,14.9589075141
82_48_48_48_82,PBDB-T,0.6699999999999999,9.734887928,-6.88,-3.42,16.2332584539
82_48_48_48_82,PBDB-T-2Cl,0.6699999999999999,9.734887928,-6.88,-3.42,19.0076682122
82_48_48_48_82,PBDB-TF,0.6699999999999999,9.734887928,-6.88,-3.42,18.4338382528
82_48_48_48_82,PBDB-T-SF,0.6699999999999999,9.734887928,-6.88,-3.42,19.4189871791
82_48_48_48_82,PBDT-3TCO,0.6699999999999999,9.734887928,-6.88,-3.42,16.1251407914
82_48_48_48_82,PBN-S,0.6699999999999999,9.734887928,-6.88,-3.42,19.1941019677
82_48_48_48_82,PBQ-4F,0.6699999999999999,9.734887928,-6.88,-3.42,16.452452144
82_48_48_48_82,PDBT-T1,0.6699999999999999,9.734887928,-6.88,-3.42,16.3629070495
82_48_48_48_82,PDCBT,0.6699999999999999,9.734887928,-6.88,-3.42,15.6450176277
82_48_48_48_82,PDCBT-2F,0.6699999999999999,9.734887928,-6.88,-3.42,16.855373745
82_48_48_48_82,PDCBT-Cl,0.6699999999999999,9.734887928,-6.88,-3.42,15.2557256382
82_48_48_48_82,PFBDB-T,0.6699999999999999,9.734887928,-6.88,-3.42,17.8118901677
82_48_48_48_82,PffBT4T-2DT,0.6699999999999999,9.734887928,-6.88,-3.42,16.9864193073
82_48_48_48_82,PTB7-Th,0.6699999999999999,9.734887928,-6.88,-3.42,15.6136514327
82_48_48_48_82,PTFB-O,0.6699999999999999,9.734887928,-6.88,-3.42,16.884774111
82_48_48_48_82,PTQ2,0.6699999999999999,9.734887928,-6.88,-3.42,18.7594513234
82_48_48_48_82,PCl3BDB-T,0.6699999999999999,9.734887928,-6.88,-3.42,16.4838143714
82_48_48_48_82,PCl4BDB-T,0.6699999999999999,9.734887928,-6.88,-3.42,16.8293184014
19_48_48_48_19,FTAZ,0.6599999999999993,9.671178613,-6.86,-3.42,15.4168896636
19_48_48_48_19,J71,0.6599999999999993,9.671178613,-6.86,-3.42,15.1882136852
19_48_48_48_19,P2,0.6599999999999993,9.671178613,-6.86,-3.42,16.8394438034
19_48_48_48_19,P3HT,0.6599999999999993,9.671178613,-6.86,-3.42,14.8286297874
19_48_48_48_19,PBDB-T,0.6599999999999993,9.671178613,-6.86,-3.42,16.1029807271
19_48_48_48_19,PBDB-T-2Cl,0.6599999999999993,9.671178613,-6.86,-3.42,18.8773904854
19_48_48_48_19,PBDB-TF,0.6599999999999993,9.671178613,-6.86,-3.42,18.303560526
19_48_48_48_19,PBDB-T-SF,0.6599999999999993,9.671178613,-6.86,-3.42,19.2887094523
19_48_48_48_19,PBDT-3TCO,0.6599999999999993,9.671178613,-6.86,-3.42,15.9948630647
19_48_48_48_19,PBN-S,0.6599999999999993,9.671178613,-6.86,-3.42,19.0638242409
19_48_48_48_19,PBQ-4F,0.6599999999999993,9.671178613,-6.86,-3.42,16.3221744173
19_48_48_48_19,PDBT-T1,0.6599999999999993,9.671178613,-6.86,-3.42,16.2326293227
19_48_48_48_19,PDCBT,0.6599999999999993,9.671178613,-6.86,-3.42,15.5147399009
19_48_48_48_19,PDCBT-2F,0.6599999999999993,9.671178613,-6.86,-3.42,16.7250960183
19_48_48_48_19,PDCBT-Cl,0.6599999999999993,9.671178613,-6.86,-3.42,15.1254479114
19_48_48_48_19,PFBDB-T,0.6599999999999993,9.671178613,-6.86,-3.42,17.6816124409
19_48_48_48_19,PffBT4T-2DT,0.6599999999999993,9.671178613,-6.86,-3.42,16.8561415806
19_48_48_48_19,PTB7-Th,0.6599999999999993,9.671178613,-6.86,-3.42,15.483373706
19_48_48_48_19,PTFB-O,0.6599999999999993,9.671178613,-6.86,-3.42,16.7544963842
19_48_48_48_19,PTQ2,0.6599999999999993,9.671178613,-6.86,-3.42,18.6291735967
19_48_48_48_19,PCl3BDB-T,0.6599999999999993,9.671178613,-6.86,-3.42,16.3535366447
19_48_48_48_19,PCl4BDB-T,0.6599999999999993,9.671178613,-6.86,-3.42,16.6990406746
62_48_48_48_62,FTAZ,0.6499999999999995,10.209530709,-6.95,-3.59,16.1156504998
62_48_48_48_62,J71,0.6499999999999995,10.209530709,-6.95,-3.59,15.8869745214
62_48_48_48_62,P2,0.6499999999999995,10.209530709,-6.95,-3.59,17.5382046395
62_48_48_48_62,P3HT,0.6499999999999995,10.209530709,-6.95,-3.59,15.5273906236
62_48_48_48_62,PBDB-T,0.6499999999999995,10.209530709,-6.95,-3.59,16.8017415633
62_48_48_48_62,PBDB-T-2Cl,0.6499999999999995,10.209530709,-6.95,-3.59,19.5761513216
62_48_48_48_62,PBDB-TF,0.6499999999999995,10.209530709,-6.95,-3.59,19.0023213622
62_48_48_48_62,PBDB-T-SF,0.6499999999999995,10.209530709,-6.95,-3.59,19.9874702885
62_48_48_48_62,PBDT-3TCO,0.6499999999999995,10.209530709,-6.95,-3.59,16.6936239008
62_48_48_48_62,PBN-S,0.6499999999999995,10.209530709,-6.95,-3.59,19.7625850771
62_48_48_48_62,PBQ-4F,0.6499999999999995,10.209530709,-6.95,-3.59,17.0209352534
62_48_48_48_62,PDBT-T1,0.6499999999999995,10.209530709,-6.95,-3.59,16.9313901589
62_48_48_48_62,PDCBT,0.6499999999999995,10.209530709,-6.95,-3.59,16.2135007371
62_48_48_48_62,PDCBT-2F,0.6499999999999995,10.209530709,-6.95,-3.59,17.4238568544
62_48_48_48_62,PDCBT-Cl,0.6499999999999995,10.209530709,-6.95,-3.59,15.8242087476
62_48_48_48_62,PFBDB-T,0.6499999999999995,10.209530709,-6.95,-3.59,18.3803732771
62_48_48_48_62,PffBT4T-2DT,0.6499999999999995,10.209530709,-6.95,-3.59,17.5549024167
62_48_48_48_62,PTB7-Th,0.6499999999999995,10.209530709,-6.95,-3.59,16.1821345422
62_48_48_48_62,PTFB-O,0.6499999999999995,10.209530709,-6.95,-3.59,17.4532572204
62_48_48_48_62,PTQ2,0.6499999999999995,10.209530709,-6.95,-3.59,19.3279344329
62_48_48_48_62,PCl3BDB-T,0.6499999999999995,10.209530709,-6.95,-3.59,17.0522974809
62_48_48_48_62,PCl4BDB-T,0.6499999999999995,10.209530709,-6.95,-3.59,17.3978015108
101_48_48_48_101,FTAZ,0.6799999999999997,9.487138626,-6.74,-3.3,15.2485666015
101_48_48_48_101,J71,0.6799999999999997,9.487138626,-6.74,-3.3,15.0198906231
101_48_48_48_101,P2,0.6799999999999997,9.487138626,-6.74,-3.3,16.6711207413
101_48_48_48_101,P3HT,0.6799999999999997,9.487138626,-6.74,-3.3,14.6603067253
101_48_48_48_101,PBDB-T,0.6799999999999997,9.487138626,-6.74,-3.3,15.934657665
101_48_48_48_101,PBDB-T-2Cl,0.6799999999999997,9.487138626,-6.74,-3.3,18.7090674233
101_48_48_48_101,PBDB-TF,0.6799999999999997,9.487138626,-6.74,-3.3,18.1352374639
101_48_48_48_101,PBDB-T-SF,0.6799999999999997,9.487138626,-6.74,-3.3,19.1203863902
101_48_48_48_101,PBDT-3TCO,0.6799999999999997,9.487138626,-6.74,-3.3,15.8265400026
101_48_48_48_101,PBN-S,0.6799999999999997,9.487138626,-6.74,-3.3,18.8955011788
101_48_48_48_101,PBQ-4F,0.6799999999999997,9.487138626,-6.74,-3.3,16.1538513552
101_48_48_48_101,PDBT-T1,0.6799999999999997,9.487138626,-6.74,-3.3,16.0643062606
101_48_48_48_101,PDCBT,0.6799999999999997,9.487138626,-6.74,-3.3,15.3464168388
101_48_48_48_101,PDCBT-2F,0.6799999999999997,9.487138626,-6.74,-3.3,16.5567729562
101_48_48_48_101,PDCBT-Cl,0.6799999999999997,9.487138626,-6.74,-3.3,14.9571248493
101_48_48_48_101,PFBDB-T,0.6799999999999997,9.487138626,-6.74,-3.3,17.5132893788
101_48_48_48_101,PffBT4T-2DT,0.6799999999999997,9.487138626,-6.74,-3.3,16.6878185185
101_48_48_48_101,PTB7-Th,0.6799999999999997,9.487138626,-6.74,-3.3,15.3150506439
101_48_48_48_101,PTFB-O,0.6799999999999997,9.487138626,-6.74,-3.3,16.5861733221
101_48_48_48_101,PTQ2,0.6799999999999997,9.487138626,-6.74,-3.3,18.4608505346
101_48_48_48_101,PCl3BDB-T,0.6799999999999997,9.487138626,-6.74,-3.3,16.1852135826
101_48_48_48_101,PCl4BDB-T,0.6799999999999997,9.487138626,-6.74,-3.3,16.5307176125
78_30_30_30_78,FTAZ,0.2599999999999998,10.567038607,-6.37,-2.66,14.9484888754
78_30_30_30_78,J71,0.2599999999999998,10.567038607,-6.37,-2.66,14.7198128969
78_30_30_30_78,P2,0.2599999999999998,10.567038607,-6.37,-2.66,16.3710430151
78_30_30_30_78,P3HT,0.2599999999999998,10.567038607,-6.37,-2.66,14.3602289991
78_30_30_30_78,PBDB-T,0.2599999999999998,10.567038607,-6.37,-2.66,15.6345799389
78_30_30_30_78,PBDB-T-2Cl,0.2599999999999998,10.567038607,-6.37,-2.66,18.4089896972
78_30_30_30_78,PBDB-TF,0.2599999999999998,10.567038607,-6.37,-2.66,17.8351597377
78_30_30_30_78,PBDB-T-SF,0.2599999999999998,10.567038607,-6.37,-2.66,18.8203086641
78_30_30_30_78,PBDT-3TCO,0.2599999999999998,10.567038607,-6.37,-2.66,15.5264622764
78_30_30_30_78,PBN-S,0.2599999999999998,10.567038607,-6.37,-2.66,18.5954234526
78_30_30_30_78,PBQ-4F,0.2599999999999998,10.567038607,-6.37,-2.66,15.853773629
78_30_30_30_78,PDBT-T1,0.2599999999999998,10.567038607,-6.37,-2.66,15.7642285345
78_30_30_30_78,PDCBT,0.2599999999999998,10.567038607,-6.37,-2.66,15.0463391126
78_30_30_30_78,PDCBT-2F,0.2599999999999998,10.567038607,-6.37,-2.66,16.25669523
78_30_30_30_78,PDCBT-Cl,0.2599999999999998,10.567038607,-6.37,-2.66,14.6570471232
78_30_30_30_78,PFBDB-T,0.2599999999999998,10.567038607,-6.37,-2.66,17.2132116527
78_30_30_30_78,PffBT4T-2DT,0.2599999999999998,10.567038607,-6.37,-2.66,16.3877407923
78_30_30_30_78,PTB7-Th,0.2599999999999998,10.567038607,-6.37,-2.66,15.0149729177
78_30_30_30_78,PTFB-O,0.2599999999999998,10.567038607,-6.37,-2.66,16.2860955959
78_30_30_30_78,PTQ2,0.2599999999999998,10.567038607,-6.37,-2.66,18.1607728084
78_30_30_30_78,PCl3BDB-T,0.2599999999999998,10.567038607,-6.37,-2.66,15.8851358564
78_30_30_30_78,PCl4BDB-T,0.2599999999999998,10.567038607,-6.37,-2.66,16.2306398864
70_48_48_48_70,FTAZ,0.7000000000000002,9.011670909,-7.0,-3.82,14.6789475552
70_48_48_48_70,J71,0.7000000000000002,9.011670909,-7.0,-3.82,14.4502715768
70_48_48_48_70,P2,0.7000000000000002,9.011670909,-7.0,-3.82,16.1015016949
70_48_48_48_70,P3HT,0.7000000000000002,9.011670909,-7.0,-3.82,14.090687679
70_48_48_48_70,PBDB-T,0.7000000000000002,9.011670909,-7.0,-3.82,15.3650386187
70_48_48_48_70,PBDB-T-2Cl,0.7000000000000002,9.011670909,-7.0,-3.82,18.139448377
70_48_48_48_70,PBDB-TF,0.7000000000000002,9.011670909,-7.0,-3.82,17.5656184176
70_48_48_48_70,PBDB-T-SF,0.7000000000000002,9.011670909,-7.0,-3.82,18.5507673439
70_48_48_48_70,PBDT-3TCO,0.7000000000000002,9.011670909,-7.0,-3.82,15.2569209562
70_48_48_48_70,PBN-S,0.7000000000000002,9.011670909,-7.0,-3.82,18.3258821325
70_48_48_48_70,PBQ-4F,0.7000000000000002,9.011670909,-7.0,-3.82,15.5842323088
70_48_48_48_70,PDBT-T1,0.7000000000000002,9.011670909,-7.0,-3.82,15.4946872143
70_48_48_48_70,PDCBT,0.7000000000000002,9.011670909,-7.0,-3.82,14.7767977925
70_48_48_48_70,PDCBT-2F,0.7000000000000002,9.011670909,-7.0,-3.82,15.9871539098
70_48_48_48_70,PDCBT-Cl,0.7000000000000002,9.011670909,-7.0,-3.82,14.387505803
70_48_48_48_70,PFBDB-T,0.7000000000000002,9.011670909,-7.0,-3.82,16.9436703325
70_48_48_48_70,PffBT4T-2DT,0.7000000000000002,9.011670909,-7.0,-3.82,16.1181994721
70_48_48_48_70,PTB7-Th,0.7000000000000002,9.011670909,-7.0,-3.82,14.7454315976
70_48_48_48_70,PTFB-O,0.7000000000000002,9.011670909,-7.0,-3.82,16.0165542758
70_48_48_48_70,PTQ2,0.7000000000000002,9.011670909,-7.0,-3.82,17.8912314883
70_48_48_48_70,PCl3BDB-T,0.7000000000000002,9.011670909,-7.0,-3.82,15.6155945363
70_48_48_48_70,PCl4BDB-T,0.7000000000000002,9.011670909,-7.0,-3.82,15.9610985662
6_48_48_48_6,FTAZ,0.7000000000000002,10.013271271,-7.18,-3.79,16.0581512537
6_48_48_48_6,J71,0.7000000000000002,10.013271271,-7.18,-3.79,15.8294752752
6_48_48_48_6,P2,0.7000000000000002,10.013271271,-7.18,-3.79,17.4807053934
6_48_48_48_6,P3HT,0.7000000000000002,10.013271271,-7.18,-3.79,15.4698913774
6_48_48_48_6,PBDB-T,0.7000000000000002,10.013271271,-7.18,-3.79,16.7442423172
6_48_48_48_6,PBDB-T-2Cl,0.7000000000000002,10.013271271,-7.18,-3.79,19.5186520755
6_48_48_48_6,PBDB-TF,0.7000000000000002,10.013271271,-7.18,-3.79,18.9448221161
6_48_48_48_6,PBDB-T-SF,0.7000000000000002,10.013271271,-7.18,-3.79,19.9299710424
6_48_48_48_6,PBDT-3TCO,0.7000000000000002,10.013271271,-7.18,-3.79,16.6361246547
6_48_48_48_6,PBN-S,0.7000000000000002,10.013271271,-7.18,-3.79,19.705085831
6_48_48_48_6,PBQ-4F,0.7000000000000002,10.013271271,-7.18,-3.79,16.9634360073
6_48_48_48_6,PDBT-T1,0.7000000000000002,10.013271271,-7.18,-3.79,16.8738909128
6_48_48_48_6,PDCBT,0.7000000000000002,10.013271271,-7.18,-3.79,16.156001491
6_48_48_48_6,PDCBT-2F,0.7000000000000002,10.013271271,-7.18,-3.79,17.3663576083
6_48_48_48_6,PDCBT-Cl,0.7000000000000002,10.013271271,-7.18,-3.79,15.7667095015
6_48_48_48_6,PFBDB-T,0.7000000000000002,10.013271271,-7.18,-3.79,18.322874031
6_48_48_48_6,PffBT4T-2DT,0.7000000000000002,10.013271271,-7.18,-3.79,17.4974031706
6_48_48_48_6,PTB7-Th,0.7000000000000002,10.013271271,-7.18,-3.79,16.124635296
6_48_48_48_6,PTFB-O,0.7000000000000002,10.013271271,-7.18,-3.79,17.3957579743
6_48_48_48_6,PTQ2,0.7000000000000002,10.013271271,-7.18,-3.79,19.2704351867
6_48_48_48_6,PCl3BDB-T,0.7000000000000002,10.013271271,-7.18,-3.79,16.9947982347
6_48_48_48_6,PCl4BDB-T,0.7000000000000002,10.013271271,-7.18,-3.79,17.3403022647
20_48_48_48_20,FTAZ,0.6600000000000001,9.633789751,-6.74,-3.29,15.3654052007
20_48_48_48_20,J71,0.6600000000000001,9.633789751,-6.74,-3.29,15.1367292222
20_48_48_48_20,P2,0.6600000000000001,9.633789751,-6.74,-3.29,16.7879593404
20_48_48_48_20,P3HT,0.6600000000000001,9.633789751,-6.74,-3.29,14.7771453244
20_48_48_48_20,PBDB-T,0.6600000000000001,9.633789751,-6.74,-3.29,16.0514962642
20_48_48_48_20,PBDB-T-2Cl,0.6600000000000001,9.633789751,-6.74,-3.29,18.8259060225
20_48_48_48_20,PBDB-TF,0.6600000000000001,9.633789751,-6.74,-3.29,18.252076063
20_48_48_48_20,PBDB-T-SF,0.6600000000000001,9.633789751,-6.74,-3.29,19.2372249894
20_48_48_48_20,PBDT-3TCO,0.6600000000000001,9.633789751,-6.74,-3.29,15.9433786017
20_48_48_48_20,PBN-S,0.6600000000000001,9.633789751,-6.74,-3.29,19.0123397779
20_48_48_48_20,PBQ-4F,0.6600000000000001,9.633789751,-6.74,-3.29,16.2706899543
20_48_48_48_20,PDBT-T1,0.6600000000000001,9.633789751,-6.74,-3.29,16.1811448597
20_48_48_48_20,PDCBT,0.6600000000000001,9.633789751,-6.74,-3.29,15.4632554379
20_48_48_48_20,PDCBT-2F,0.6600000000000001,9.633789751,-6.74,-3.29,16.6736115553
20_48_48_48_20,PDCBT-Cl,0.6600000000000001,9.633789751,-6.74,-3.29,15.0739634485
20_48_48_48_20,PFBDB-T,0.6600000000000001,9.633789751,-6.74,-3.29,17.630127978
20_48_48_48_20,PffBT4T-2DT,0.6600000000000001,9.633789751,-6.74,-3.29,16.8046571176
20_48_48_48_20,PTB7-Th,0.6600000000000001,9.633789751,-6.74,-3.29,15.431889243
20_48_48_48_20,PTFB-O,0.6600000000000001,9.633789751,-6.74,-3.29,16.7030119212
20_48_48_48_20,PTQ2,0.6600000000000001,9.633789751,-6.74,-3.29,18.5776891337
20_48_48_48_20,PCl3BDB-T,0.6600000000000001,9.633789751,-6.74,-3.29,16.3020521817
20_48_48_48_20,PCl4BDB-T,0.6600000000000001,9.633789751,-6.74,-3.29,16.6475562117
90_30_30_30_90,FTAZ,0.2599999999999998,10.950707794,-6.23,-2.57,15.4768013459
90_30_30_30_90,J71,0.2599999999999998,10.950707794,-6.23,-2.57,15.2481253674
90_30_30_30_90,P2,0.2599999999999998,10.950707794,-6.23,-2.57,16.8993554856
90_30_30_30_90,P3HT,0.2599999999999998,10.950707794,-6.23,-2.57,14.8885414696
90_30_30_30_90,PBDB-T,0.2599999999999998,10.950707794,-6.23,-2.57,16.1628924094
90_30_30_30_90,PBDB-T-2Cl,0.2599999999999998,10.950707794,-6.23,-2.57,18.9373021677
90_30_30_30_90,PBDB-TF,0.2599999999999998,10.950707794,-6.23,-2.57,18.3634722082
90_30_30_30_90,PBDB-T-SF,0.2599999999999998,10.950707794,-6.23,-2.57,19.3486211346
90_30_30_30_90,PBDT-3TCO,0.2599999999999998,10.950707794,-6.23,-2.57,16.0547747469
90_30_30_30_90,PBN-S,0.2599999999999998,10.950707794,-6.23,-2.57,19.1237359231
90_30_30_30_90,PBQ-4F,0.2599999999999998,10.950707794,-6.23,-2.57,16.3820860995
90_30_30_30_90,PDBT-T1,0.2599999999999998,10.950707794,-6.23,-2.57,16.292541005
90_30_30_30_90,PDCBT,0.2599999999999998,10.950707794,-6.23,-2.57,15.5746515831
90_30_30_30_90,PDCBT-2F,0.2599999999999998,10.950707794,-6.23,-2.57,16.7850077005
90_30_30_30_90,PDCBT-Cl,0.2599999999999998,10.950707794,-6.23,-2.57,15.1853595937
90_30_30_30_90,PFBDB-T,0.2599999999999998,10.950707794,-6.23,-2.57,17.7415241232
90_30_30_30_90,PffBT4T-2DT,0.2599999999999998,10.950707794,-6.23,-2.57,16.9160532628
90_30_30_30_90,PTB7-Th,0.2599999999999998,10.950707794,-6.23,-2.57,15.5432853882
90_30_30_30_90,PTFB-O,0.2599999999999998,10.950707794,-6.23,-2.57,16.8144080664
90_30_30_30_90,PTQ2,0.2599999999999998,10.950707794,-6.23,-2.57,18.6890852789
90_30_30_30_90,PCl3BDB-T,0.2599999999999998,10.950707794,-6.23,-2.57,16.4134483269
90_30_30_30_90,PCl4BDB-T,0.2599999999999998,10.950707794,-6.23,-2.57,16.7589523569
78_5_5_5_78,FTAZ,0.2600000000000007,10.660104507,-6.56,-2.82,15.0766406197
78_5_5_5_78,J71,0.2600000000000007,10.660104507,-6.56,-2.82,14.8479646412
78_5_5_5_78,P2,0.2600000000000007,10.660104507,-6.56,-2.82,16.4991947594
78_5_5_5_78,P3HT,0.2600000000000007,10.660104507,-6.56,-2.82,14.4883807434
78_5_5_5_78,PBDB-T,0.2600000000000007,10.660104507,-6.56,-2.82,15.7627316832
78_5_5_5_78,PBDB-T-2Cl,0.2600000000000007,10.660104507,-6.56,-2.82,18.5371414415
78_5_5_5_78,PBDB-TF,0.2600000000000007,10.660104507,-6.56,-2.82,17.9633114821
78_5_5_5_78,PBDB-T-SF,0.2600000000000007,10.660104507,-6.56,-2.82,18.9484604084
78_5_5_5_78,PBDT-3TCO,0.2600000000000007,10.660104507,-6.56,-2.82,15.6546140207
78_5_5_5_78,PBN-S,0.2600000000000007,10.660104507,-6.56,-2.82,18.7235751969
78_5_5_5_78,PBQ-4F,0.2600000000000007,10.660104507,-6.56,-2.82,15.9819253733
78_5_5_5_78,PDBT-T1,0.2600000000000007,10.660104507,-6.56,-2.82,15.8923802788
78_5_5_5_78,PDCBT,0.2600000000000007,10.660104507,-6.56,-2.82,15.1744908569
78_5_5_5_78,PDCBT-2F,0.2600000000000007,10.660104507,-6.56,-2.82,16.3848469743
78_5_5_5_78,PDCBT-Cl,0.2600000000000007,10.660104507,-6.56,-2.82,14.7851988675
78_5_5_5_78,PFBDB-T,0.2600000000000007,10.660104507,-6.56,-2.82,17.341363397
78_5_5_5_78,PffBT4T-2DT,0.2600000000000007,10.660104507,-6.56,-2.82,16.5158925366
78_5_5_5_78,PTB7-Th,0.2600000000000007,10.660104507,-6.56,-2.82,15.143124662
78_5_5_5_78,PTFB-O,0.2600000000000007,10.660104507,-6.56,-2.82,16.4142473402
78_5_5_5_78,PTQ2,0.2600000000000007,10.660104507,-6.56,-2.82,18.2889245527
78_5_5_5_78,PCl3BDB-T,0.2600000000000007,10.660104507,-6.56,-2.82,16.0132876007
78_5_5_5_78,PCl4BDB-T,0.2600000000000007,10.660104507,-6.56,-2.82,16.3587916307
45_5_5_5_45,FTAZ,0.2699999999999996,10.696220256,-6.5,-2.68,15.1689220061
45_5_5_5_45,J71,0.2699999999999996,10.696220256,-6.5,-2.68,14.9402460276
45_5_5_5_45,P2,0.2699999999999996,10.696220256,-6.5,-2.68,16.5914761458
45_5_5_5_45,P3HT,0.2699999999999996,10.696220256,-6.5,-2.68,14.5806621298
45_5_5_5_45,PBDB-T,0.2699999999999996,10.696220256,-6.5,-2.68,15.8550130696
45_5_5_5_45,PBDB-T-2Cl,0.2699999999999996,10.696220256,-6.5,-2.68,18.6294228278
45_5_5_5_45,PBDB-TF,0.2699999999999996,10.696220256,-6.5,-2.68,18.0555928684
45_5_5_5_45,PBDB-T-SF,0.2699999999999996,10.696220256,-6.5,-2.68,19.0407417947
45_5_5_5_45,PBDT-3TCO,0.2699999999999996,10.696220256,-6.5,-2.68,15.7468954071
45_5_5_5_45,PBN-S,0.2699999999999996,10.696220256,-6.5,-2.68,18.8158565833
45_5_5_5_45,PBQ-4F,0.2699999999999996,10.696220256,-6.5,-2.68,16.0742067597
45_5_5_5_45,PDBT-T1,0.2699999999999996,10.696220256,-6.5,-2.68,15.9846616651
45_5_5_5_45,PDCBT,0.2699999999999996,10.696220256,-6.5,-2.68,15.2667722433
45_5_5_5_45,PDCBT-2F,0.2699999999999996,10.696220256,-6.5,-2.68,16.4771283607
45_5_5_5_45,PDCBT-Cl,0.2699999999999996,10.696220256,-6.5,-2.68,14.8774802538
45_5_5_5_45,PFBDB-T,0.2699999999999996,10.696220256,-6.5,-2.68,17.4336447833
45_5_5_5_45,PffBT4T-2DT,0.2699999999999996,10.696220256,-6.5,-2.68,16.608173923
45_5_5_5_45,PTB7-Th,0.2699999999999996,10.696220256,-6.5,-2.68,15.2354060484
45_5_5_5_45,PTFB-O,0.2699999999999996,10.696220256,-6.5,-2.68,16.5065287266
45_5_5_5_45,PTQ2,0.2699999999999996,10.696220256,-6.5,-2.68,18.3812059391
45_5_5_5_45,PCl3BDB-T,0.2699999999999996,10.696220256,-6.5,-2.68,16.1055689871
45_5_5_5_45,PCl4BDB-T,0.2699999999999996,10.696220256,-6.5,-2.68,16.451073017
0_48_48_48_0,FTAZ,0.7000000000000002,10.216685871,-7.21,-3.82,16.3382531579
0_48_48_48_0,J71,0.7000000000000002,10.216685871,-7.21,-3.82,16.1095771794
0_48_48_48_0,P2,0.7000000000000002,10.216685871,-7.21,-3.82,17.7608072976
0_48_48_48_0,P3HT,0.7000000000000002,10.216685871,-7.21,-3.82,15.7499932816
0_48_48_48_0,PBDB-T,0.7000000000000002,10.216685871,-7.21,-3.82,17.0243442214
0_48_48_48_0,PBDB-T-2Cl,0.7000000000000002,10.216685871,-7.21,-3.82,19.7987539797
0_48_48_48_0,PBDB-TF,0.7000000000000002,10.216685871,-7.21,-3.82,19.2249240203
0_48_48_48_0,PBDB-T-SF,0.7000000000000002,10.216685871,-7.21,-3.82,20.2100729466
0_48_48_48_0,PBDT-3TCO,0.7000000000000002,10.216685871,-7.21,-3.82,16.9162265589
0_48_48_48_0,PBN-S,0.7000000000000002,10.216685871,-7.21,-3.82,19.9851877352
0_48_48_48_0,PBQ-4F,0.7000000000000002,10.216685871,-7.21,-3.82,17.2435379115
0_48_48_48_0,PDBT-T1,0.7000000000000002,10.216685871,-7.21,-3.82,17.153992817
0_48_48_48_0,PDCBT,0.7000000000000002,10.216685871,-7.21,-3.82,16.4361033952
0_48_48_48_0,PDCBT-2F,0.7000000000000002,10.216685871,-7.21,-3.82,17.6464595125
0_48_48_48_0,PDCBT-Cl,0.7000000000000002,10.216685871,-7.21,-3.82,16.0468114057
0_48_48_48_0,PFBDB-T,0.7000000000000002,10.216685871,-7.21,-3.82,18.6029759352
0_48_48_48_0,PffBT4T-2DT,0.7000000000000002,10.216685871,-7.21,-3.82,17.7775050748
0_48_48_48_0,PTB7-Th,0.7000000000000002,10.216685871,-7.21,-3.82,16.4047372002
0_48_48_48_0,PTFB-O,0.7000000000000002,10.216685871,-7.21,-3.82,17.6758598785
0_48_48_48_0,PTQ2,0.7000000000000002,10.216685871,-7.21,-3.82,19.5505370909
0_48_48_48_0,PCl3BDB-T,0.7000000000000002,10.216685871,-7.21,-3.82,17.2749001389
0_48_48_48_0,PCl4BDB-T,0.7000000000000002,10.216685871,-7.21,-3.82,17.6204041689
103_48_48_48_103,FTAZ,0.7000000000000002,9.959387977,-6.79,-3.33,15.9839539579
103_48_48_48_103,J71,0.7000000000000002,9.959387977,-6.79,-3.33,15.7552779794
103_48_48_48_103,P2,0.7000000000000002,9.959387977,-6.79,-3.33,17.4065080976
103_48_48_48_103,P3HT,0.7000000000000002,9.959387977,-6.79,-3.33,15.3956940816
103_48_48_48_103,PBDB-T,0.7000000000000002,9.959387977,-6.79,-3.33,16.6700450214
103_48_48_48_103,PBDB-T-2Cl,0.7000000000000002,9.959387977,-6.79,-3.33,19.4444547797
103_48_48_48_103,PBDB-TF,0.7000000000000002,9.959387977,-6.79,-3.33,18.8706248202
103_48_48_48_103,PBDB-T-SF,0.7000000000000002,9.959387977,-6.79,-3.33,19.8557737466
103_48_48_48_103,PBDT-3TCO,0.7000000000000002,9.959387977,-6.79,-3.33,16.5619273589
103_48_48_48_103,PBN-S,0.7000000000000002,9.959387977,-6.79,-3.33,19.6308885351
103_48_48_48_103,PBQ-4F,0.7000000000000002,9.959387977,-6.79,-3.33,16.8892387115
103_48_48_48_103,PDBT-T1,0.7000000000000002,9.959387977,-6.79,-3.33,16.7996936169
103_48_48_48_103,PDCBT,0.7000000000000002,9.959387977,-6.79,-3.33,16.0818041951
103_48_48_48_103,PDCBT-2F,0.7000000000000002,9.959387977,-6.79,-3.33,17.2921603125
103_48_48_48_103,PDCBT-Cl,0.7000000000000002,9.959387977,-6.79,-3.33,15.6925122057
103_48_48_48_103,PFBDB-T,0.7000000000000002,9.959387977,-6.79,-3.33,18.2486767352
103_48_48_48_103,PffBT4T-2DT,0.7000000000000002,9.959387977,-6.79,-3.33,17.4232058748
103_48_48_48_103,PTB7-Th,0.7000000000000002,9.959387977,-6.79,-3.33,16.0504380002
103_48_48_48_103,PTFB-O,0.7000000000000002,9.959387977,-6.79,-3.33,17.3215606784
103_48_48_48_103,PTQ2,0.7000000000000002,9.959387977,-6.79,-3.33,19.1962378909
103_48_48_48_103,PCl3BDB-T,0.7000000000000002,9.959387977,-6.79,-3.33,16.9206009389
103_48_48_48_103,PCl4BDB-T,0.7000000000000002,9.959387977,-6.79,-3.33,17.2661049689
90_11_11_11_90,FTAZ,0.3799999999999999,10.402684625,-6.33,-2.53,15.2327734422
90_11_11_11_90,J71,0.3799999999999999,10.402684625,-6.33,-2.53,15.0040974637
90_11_11_11_90,P2,0.3799999999999999,10.402684625,-6.33,-2.53,16.6553275819
90_11_11_11_90,P3HT,0.3799999999999999,10.402684625,-6.33,-2.53,14.6445135659
90_11_11_11_90,PBDB-T,0.3799999999999999,10.402684625,-6.33,-2.53,15.9188645057
90_11_11_11_90,PBDB-T-2Cl,0.3799999999999999,10.402684625,-6.33,-2.53,18.693274264
90_11_11_11_90,PBDB-TF,0.3799999999999999,10.402684625,-6.33,-2.53,18.1194443045
90_11_11_11_90,PBDB-T-SF,0.3799999999999999,10.402684625,-6.33,-2.53,19.1045932309
90_11_11_11_90,PBDT-3TCO,0.3799999999999999,10.402684625,-6.33,-2.53,15.8107468432
90_11_11_11_90,PBN-S,0.3799999999999999,10.402684625,-6.33,-2.53,18.8797080194
90_11_11_11_90,PBQ-4F,0.3799999999999999,10.402684625,-6.33,-2.53,16.1380581958
90_11_11_11_90,PDBT-T1,0.3799999999999999,10.402684625,-6.33,-2.53,16.0485131012
90_11_11_11_90,PDCBT,0.3799999999999999,10.402684625,-6.33,-2.53,15.3306236794
90_11_11_11_90,PDCBT-2F,0.3799999999999999,10.402684625,-6.33,-2.53,16.5409797968
90_11_11_11_90,PDCBT-Cl,0.3799999999999999,10.402684625,-6.33,-2.53,14.94133169
90_11_11_11_90,PFBDB-T,0.3799999999999999,10.402684625,-6.33,-2.53,17.4974962195
90_11_11_11_90,PffBT4T-2DT,0.3799999999999999,10.402684625,-6.33,-2.53,16.6720253591
90_11_11_11_90,PTB7-Th,0.3799999999999999,10.402684625,-6.33,-2.53,15.2992574845
90_11_11_11_90,PTFB-O,0.3799999999999999,10.402684625,-6.33,-2.53,16.5703801627
90_11_11_11_90,PTQ2,0.3799999999999999,10.402684625,-6.33,-2.53,18.4450573752
90_11_11_11_90,PCl3BDB-T,0.3799999999999999,10.402684625,-6.33,-2.53,16.1694204232
90_11_11_11_90,PCl4BDB-T,0.3799999999999999,10.402684625,-6.33,-2.53,16.5149244532
17_48_48_48_17,FTAZ,0.6900000000000004,9.658326394,-6.96,-3.57,15.5268421581
17_48_48_48_17,J71,0.6900000000000004,9.658326394,-6.96,-3.57,15.2981661796
17_48_48_48_17,P2,0.6900000000000004,9.658326394,-6.96,-3.57,16.9493962978
17_48_48_48_17,P3HT,0.6900000000000004,9.658326394,-6.96,-3.57,14.9385822818
17_48_48_48_17,PBDB-T,0.6900000000000004,9.658326394,-6.96,-3.57,16.2129332216
17_48_48_48_17,PBDB-T-2Cl,0.6900000000000004,9.658326394,-6.96,-3.57,18.9873429799
17_48_48_48_17,PBDB-TF,0.6900000000000004,9.658326394,-6.96,-3.57,18.4135130204
17_48_48_48_17,PBDB-T-SF,0.6900000000000004,9.658326394,-6.96,-3.57,19.3986619468
17_48_48_48_17,PBDT-3TCO,0.6900000000000004,9.658326394,-6.96,-3.57,16.1048155591
17_48_48_48_17,PBN-S,0.6900000000000004,9.658326394,-6.96,-3.57,19.1737767353
17_48_48_48_17,PBQ-4F,0.6900000000000004,9.658326394,-6.96,-3.57,16.4321269117
17_48_48_48_17,PDBT-T1,0.6900000000000004,9.658326394,-6.96,-3.57,16.3425818172
17_48_48_48_17,PDCBT,0.6900000000000004,9.658326394,-6.96,-3.57,15.6246923953
17_48_48_48_17,PDCBT-2F,0.6900000000000004,9.658326394,-6.96,-3.57,16.8350485127
17_48_48_48_17,PDCBT-Cl,0.6900000000000004,9.658326394,-6.96,-3.57,15.2354004059
17_48_48_48_17,PFBDB-T,0.6900000000000004,9.658326394,-6.96,-3.57,17.7915649354
17_48_48_48_17,PffBT4T-2DT,0.6900000000000004,9.658326394,-6.96,-3.57,16.966094075
17_48_48_48_17,PTB7-Th,0.6900000000000004,9.658326394,-6.96,-3.57,15.5933262004
17_48_48_48_17,PTFB-O,0.6900000000000004,9.658326394,-6.96,-3.57,16.8644488786
17_48_48_48_17,PTQ2,0.6900000000000004,9.658326394,-6.96,-3.57,18.7391260911
17_48_48_48_17,PCl3BDB-T,0.6900000000000004,9.658326394,-6.96,-3.57,16.4634891391
17_48_48_48_17,PCl4BDB-T,0.6900000000000004,9.658326394,-6.96,-3.57,16.8089931691
96_48_48_48_96,FTAZ,0.6500000000000004,9.699468633,-6.83,-3.39,15.4132950212
96_48_48_48_96,J71,0.6500000000000004,9.699468633,-6.83,-3.39,15.1846190427
96_48_48_48_96,P2,0.6500000000000004,9.699468633,-6.83,-3.39,16.8358491609
96_48_48_48_96,P3HT,0.6500000000000004,9.699468633,-6.83,-3.39,14.8250351449
96_48_48_48_96,PBDB-T,0.6500000000000004,9.699468633,-6.83,-3.39,16.0993860847
96_48_48_48_96,PBDB-T-2Cl,0.6500000000000004,9.699468633,-6.83,-3.39,18.873795843
96_48_48_48_96,PBDB-TF,0.6500000000000004,9.699468633,-6.83,-3.39,18.2999658836
96_48_48_48_96,PBDB-T-SF,0.6500000000000004,9.699468633,-6.83,-3.39,19.2851148099
96_48_48_48_96,PBDT-3TCO,0.6500000000000004,9.699468633,-6.83,-3.39,15.9912684222
96_48_48_48_96,PBN-S,0.6500000000000004,9.699468633,-6.83,-3.39,19.0602295985
96_48_48_48_96,PBQ-4F,0.6500000000000004,9.699468633,-6.83,-3.39,16.3185797748
96_48_48_48_96,PDBT-T1,0.6500000000000004,9.699468633,-6.83,-3.39,16.2290346803
96_48_48_48_96,PDCBT,0.6500000000000004,9.699468633,-6.83,-3.39,15.5111452584
96_48_48_48_96,PDCBT-2F,0.6500000000000004,9.699468633,-6.83,-3.39,16.7215013758
96_48_48_48_96,PDCBT-Cl,0.6500000000000004,9.699468633,-6.83,-3.39,15.121853269
96_48_48_48_96,PFBDB-T,0.6500000000000004,9.699468633,-6.83,-3.39,17.6780177985
96_48_48_48_96,PffBT4T-2DT,0.6500000000000004,9.699468633,-6.83,-3.39,16.8525469381
96_48_48_48_96,PTB7-Th,0.6500000000000004,9.699468633,-6.83,-3.39,15.4797790635
96_48_48_48_96,PTFB-O,0.6500000000000004,9.699468633,-6.83,-3.39,16.7509017417
96_48_48_48_96,PTQ2,0.6500000000000004,9.699468633,-6.83,-3.39,18.6255789542
96_48_48_48_96,PCl3BDB-T,0.6500000000000004,9.699468633,-6.83,-3.39,16.3499420022
96_48_48_48_96,PCl4BDB-T,0.6500000000000004,9.699468633,-6.83,-3.39,16.6954460322
45_39_39_39_45,FTAZ,0.71,7.273041181,-6.06,-2.53,12.3274044198
45_39_39_39_45,J71,0.71,7.273041181,-6.06,-2.53,12.0987284413
45_39_39_39_45,P2,0.71,7.273041181,-6.06,-2.53,13.7499585595
45_39_39_39_45,P3HT,0.71,7.273041181,-6.06,-2.53,11.7391445435
45_39_39_39_45,PBDB-T,0.71,7.273041181,-6.06,-2.53,13.0134954833
45_39_39_39_45,PBDB-T-2Cl,0.71,7.273041181,-6.06,-2.53,15.7879052416
45_39_39_39_45,PBDB-TF,0.71,7.273041181,-6.06,-2.53,15.2140752821
45_39_39_39_45,PBDB-T-SF,0.71,7.273041181,-6.06,-2.53,16.1992242085
45_39_39_39_45,PBDT-3TCO,0.71,7.273041181,-6.06,-2.53,12.9053778208
45_39_39_39_45,PBN-S,0.71,7.273041181,-6.06,-2.53,15.974338997
45_39_39_39_45,PBQ-4F,0.71,7.273041181,-6.06,-2.53,13.2326891734
45_39_39_39_45,PDBT-T1,0.71,7.273041181,-6.06,-2.53,13.1431440789
45_39_39_39_45,PDCBT,0.71,7.273041181,-6.06,-2.53,12.425254657
45_39_39_39_45,PDCBT-2F,0.71,7.273041181,-6.06,-2.53,13.6356107744
45_39_39_39_45,PDCBT-Cl,0.71,7.273041181,-6.06,-2.53,12.0359626676
45_39_39_39_45,PFBDB-T,0.71,7.273041181,-6.06,-2.53,14.5921271971
45_39_39_39_45,PffBT4T-2DT,0.71,7.273041181,-6.06,-2.53,13.7666563367
45_39_39_39_45,PTB7-Th,0.71,7.273041181,-6.06,-2.53,12.3938884621
45_39_39_39_45,PTFB-O,0.71,7.273041181,-6.06,-2.53,13.6650111403
45_39_39_39_45,PTQ2,0.71,7.273041181,-6.06,-2.53,15.5396883528
45_39_39_39_45,PCl3BDB-T,0.71,7.273041181,-6.06,-2.53,13.2640514008
45_39_39_39_45,PCl4BDB-T,0.71,7.273041181,-6.06,-2.53,13.6095554308
90_48_48_48_90,FTAZ,0.6600000000000001,10.639606309,-6.8,-3.38,16.750414601
90_48_48_48_90,J71,0.6600000000000001,10.639606309,-6.8,-3.38,16.5217386226
90_48_48_48_90,P2,0.6600000000000001,10.639606309,-6.8,-3.38,18.1729687407
90_48_48_48_90,P3HT,0.6600000000000001,10.639606309,-6.8,-3.38,16.1621547248
90_48_48_48_90,PBDB-T,0.6600000000000001,10.639606309,-6.8,-3.38,17.4365056645
90_48_48_48_90,PBDB-T-2Cl,0.6600000000000001,10.639606309,-6.8,-3.38,20.2109154228
90_48_48_48_90,PBDB-TF,0.6600000000000001,10.639606309,-6.8,-3.38,19.6370854634
90_48_48_48_90,PBDB-T-SF,0.6600000000000001,10.639606309,-6.8,-3.38,20.6222343897
90_48_48_48_90,PBDT-3TCO,0.6600000000000001,10.639606309,-6.8,-3.38,17.328388002
90_48_48_48_90,PBN-S,0.6600000000000001,10.639606309,-6.8,-3.38,20.3973491783
90_48_48_48_90,PBQ-4F,0.6600000000000001,10.639606309,-6.8,-3.38,17.6556993546
90_48_48_48_90,PDBT-T1,0.6600000000000001,10.639606309,-6.8,-3.38,17.5661542601
90_48_48_48_90,PDCBT,0.6600000000000001,10.639606309,-6.8,-3.38,16.8482648383
90_48_48_48_90,PDCBT-2F,0.6600000000000001,10.639606309,-6.8,-3.38,18.0586209556
90_48_48_48_90,PDCBT-Cl,0.6600000000000001,10.639606309,-6.8,-3.38,16.4589728488
90_48_48_48_90,PFBDB-T,0.6600000000000001,10.639606309,-6.8,-3.38,19.0151373783
90_48_48_48_90,PffBT4T-2DT,0.6600000000000001,10.639606309,-6.8,-3.38,18.1896665179
90_48_48_48_90,PTB7-Th,0.6600000000000001,10.639606309,-6.8,-3.38,16.8168986434
90_48_48_48_90,PTFB-O,0.6600000000000001,10.639606309,-6.8,-3.38,18.0880213216
90_48_48_48_90,PTQ2,0.6600000000000001,10.639606309,-6.8,-3.38,19.9626985341
90_48_48_48_90,PCl3BDB-T,0.6600000000000001,10.639606309,-6.8,-3.38,17.6870615821
90_48_48_48_90,PCl4BDB-T,0.6600000000000001,10.639606309,-6.8,-3.38,18.032565612
41_48_48_48_41,FTAZ,0.6800000000000006,8.93590295,-6.89,-3.5,14.4895150757
41_48_48_48_41,J71,0.6800000000000006,8.93590295,-6.89,-3.5,14.2608390972
41_48_48_48_41,P2,0.6800000000000006,8.93590295,-6.89,-3.5,15.9120692154
41_48_48_48_41,P3HT,0.6800000000000006,8.93590295,-6.89,-3.5,13.9012551994
41_48_48_48_41,PBDB-T,0.6800000000000006,8.93590295,-6.89,-3.5,15.1756061392
41_48_48_48_41,PBDB-T-2Cl,0.6800000000000006,8.93590295,-6.89,-3.5,17.9500158975
41_48_48_48_41,PBDB-TF,0.6800000000000006,8.93590295,-6.89,-3.5,17.3761859381
41_48_48_48_41,PBDB-T-SF,0.6800000000000006,8.93590295,-6.89,-3.5,18.3613348644
41_48_48_48_41,PBDT-3TCO,0.6800000000000006,8.93590295,-6.89,-3.5,15.0674884767
41_48_48_48_41,PBN-S,0.6800000000000006,8.93590295,-6.89,-3.5,18.136449653
41_48_48_48_41,PBQ-4F,0.6800000000000006,8.93590295,-6.89,-3.5,15.3947998293
41_48_48_48_41,PDBT-T1,0.6800000000000006,8.93590295,-6.89,-3.5,15.3052547348
41_48_48_48_41,PDCBT,0.6800000000000006,8.93590295,-6.89,-3.5,14.5873653129
41_48_48_48_41,PDCBT-2F,0.6800000000000006,8.93590295,-6.89,-3.5,15.7977214303
41_48_48_48_41,PDCBT-Cl,0.6800000000000006,8.93590295,-6.89,-3.5,14.1980733235
41_48_48_48_41,PFBDB-T,0.6800000000000006,8.93590295,-6.89,-3.5,16.754237853
41_48_48_48_41,PffBT4T-2DT,0.6800000000000006,8.93590295,-6.89,-3.5,15.9287669926
41_48_48_48_41,PTB7-Th,0.6800000000000006,8.93590295,-6.89,-3.5,14.555999118
41_48_48_48_41,PTFB-O,0.6800000000000006,8.93590295,-6.89,-3.5,15.8271217963
41_48_48_48_41,PTQ2,0.6800000000000006,8.93590295,-6.89,-3.5,17.7017990087
41_48_48_48_41,PCl3BDB-T,0.6800000000000006,8.93590295,-6.89,-3.5,15.4261620567
41_48_48_48_41,PCl4BDB-T,0.6800000000000006,8.93590295,-6.89,-3.5,15.7716660867
43_48_48_48_43,FTAZ,0.7000000000000002,9.374873179,-6.77,-3.3,15.179077081
43_48_48_48_43,J71,0.7000000000000002,9.374873179,-6.77,-3.3,14.9504011025
43_48_48_48_43,P2,0.7000000000000002,9.374873179,-6.77,-3.3,16.6016312207
43_48_48_48_43,P3HT,0.7000000000000002,9.374873179,-6.77,-3.3,14.5908172048
43_48_48_48_43,PBDB-T,0.7000000000000002,9.374873179,-6.77,-3.3,15.8651681445
43_48_48_48_43,PBDB-T-2Cl,0.7000000000000002,9.374873179,-6.77,-3.3,18.6395779028
43_48_48_48_43,PBDB-TF,0.7000000000000002,9.374873179,-6.77,-3.3,18.0657479434
43_48_48_48_43,PBDB-T-SF,0.7000000000000002,9.374873179,-6.77,-3.3,19.0508968697
43_48_48_48_43,PBDT-3TCO,0.7000000000000002,9.374873179,-6.77,-3.3,15.757050482
43_48_48_48_43,PBN-S,0.7000000000000002,9.374873179,-6.77,-3.3,18.8260116583
43_48_48_48_43,PBQ-4F,0.7000000000000002,9.374873179,-6.77,-3.3,16.0843618346
43_48_48_48_43,PDBT-T1,0.7000000000000002,9.374873179,-6.77,-3.3,15.9948167401
43_48_48_48_43,PDCBT,0.7000000000000002,9.374873179,-6.77,-3.3,15.2769273183
43_48_48_48_43,PDCBT-2F,0.7000000000000002,9.374873179,-6.77,-3.3,16.4872834356
43_48_48_48_43,PDCBT-Cl,0.7000000000000002,9.374873179,-6.77,-3.3,14.8876353288
43_48_48_48_43,PFBDB-T,0.7000000000000002,9.374873179,-6.77,-3.3,17.4437998583
43_48_48_48_43,PffBT4T-2DT,0.7000000000000002,9.374873179,-6.77,-3.3,16.6183289979
43_48_48_48_43,PTB7-Th,0.7000000000000002,9.374873179,-6.77,-3.3,15.2455611234
43_48_48_48_43,PTFB-O,0.7000000000000002,9.374873179,-6.77,-3.3,16.5166838016
43_48_48_48_43,PTQ2,0.7000000000000002,9.374873179,-6.77,-3.3,18.3913610141
43_48_48_48_43,PCl3BDB-T,0.7000000000000002,9.374873179,-6.77,-3.3,16.115724062
43_48_48_48_43,PCl4BDB-T,0.7000000000000002,9.374873179,-6.77,-3.3,16.461228092
