,SMILES,new name,old name,homo,lumo,bandgap,new dft filename
0,C1=C2C(OCCO2)=C([Si]1(C)C),0dc,34u,-5.557843762,-0.91925501,4.638588753,
1,C1=CC=C(S1)C2=CC=C(S2),1dc,15d,-5.666906994,-1.439319001,4.227587993,
2,C1=CC2=C(C=C1)C3=C(N2C)C=C(C=C3),2dc,12d,-5.565435739,-0.942901703,4.622534035,
3,C1=C(OC)C=C(S1),3dc,4u,-5.934503754,-0.26993694,5.664566814,
4,C1=C2C(C(=N1)OC)=C(N=C2OC),4dc,26a,-6.034342326,-2.817929402,3.216412924,
5,C1=Cc2c(C3=CC(=C(S3)C)Cl)c4c(c(c2S1)C5=CC(=C(S5)C)Cl)C=C(S4),5dc,17d,-5.427854976,-1.863843819,3.564011157,
6,C1=CC=C(C=C1)/C(/C2=CC=CC=C2)=C(\C3=CC=CC=C3)/C4=CC=C(C=C4),6dc,23u,-5.492726918,-1.573797666,3.918929252,
7,C1=C2C(C(=C(S2)C)F)=C(S1),7dc,20a,-5.677818759,-1.127530951,4.550287808,
8,C1=C2C(SCCS2)=C(S1),8dc,36u,-5.667668912,-0.578813371,5.088855541,
9,C1=C(OC)C(OC)=C(S1),9dc,9u,-5.648974691,0.019809888,5.668784579,
10,C1=C2C(N=C(C(=N2)C)C)=C(C3C1=NSN=3),10dc,14a,-6.329640276,-3.077634861,3.252005416,
11,C1=CC2C(S1)=C(C3=CC=C(C=C3)C)C4=C(C=2C5=CC=C(C=C5)C)SC(=C4),11dc,11d,-5.285621066,-1.346038373,3.939582693,
12,C=CC=C,12dc,60u,-6.485289399,-0.937677117,5.547612282,
13,C1=CC2=C(S1)C1=C([Si]2(C)C)C=C(S1),13dc,5d,-5.468481574,-1.426611284,4.04187029,
14,C1=CC=C2C(=C1)C(=O)OC(C)=C2,14dtl,26utl,-6.262781903,-1.565851941,4.696929962,
15,C1=CC2=C(S1)C3=C([Ge]2(C)C)C=C(S3),14dc,16d,-5.440208945,-1.365140765,4.07506818,
16,C1=Cc2c(S1)c1c(s2)C=C(S1),15dc,61u,-5.762174053,-1.249220265,4.512953788,
17,C1(C)C(=S)SC(C1=O)=C,17dtl,36atl,-6.339898969,-2.406003455,3.933895514,
18,C1=CC=C2c3c1n(C)c(c3=CC=C2)=C,18dtl,12utl,-5.030351063,-1.567865584,3.462485479,
19,C1=C(OC)C=C(C(=C1)OC),16dc,15u,-5.505080887,-0.231215139,5.273865748,
20,C1=CC(SC)=C(S1),17dc,50u,-5.64209021,-0.439001275,5.203088935,
21,C1=CC=C2C(=C1)C(C)(C)C3=CC(=CC=C23),18dc,18d,-5.983266556,-1.058522878,4.924743678,
22,C1=CC2=C(S1)C=C1C(=C2)SC(=C1),19dc,62u,-5.605327629,-1.317330362,4.287997268,
23,C1=CC2=C(S1)C1=C(N2C)C=C(S1),20dc,3d,-5.269620772,-0.758109187,4.511511584,
24,C1=CC(C2=C(C=CC=C2OC)OC)=C(S1),21dc,11u,-5.285621066,-1.346038373,3.939582693,
25,C1=C2C(=CC=C1)SC(S2)=C,25dtl,14utl,-5.41732417,-0.660991754,4.756332416,
26,C1=Cc2c(S1)c(OC)c3c(c2OC)SC(=C3),22dc,52u,-4.812551137,-0.996970725,3.815580412,
27,C1=C(C=C2C(=C1)N(/C(=C\C=C\3/C(=C(C#N)C#N)C4=C(C3=O)C=CC=C4)/C2(C)C)C),27dtl,13utl,-5.729221065,-2.881495197,2.847725868,
28,C1=CC(=C(C#N)C#N)C=C(S1),23dc,41u,-6.442377045,-2.894855987,3.547521058,
29,C1=C2C(OCCS2)=C(S1),24dc,35u,-5.692676175,-0.415898809,5.276777366,
30,N1=C(Sc2c1sc(n2)C),30dtl,9atl,-6.519276419,-1.448625295,5.070651124,
31,C1=CC2=C(S1)C=C(S2),25dc,9d,-6.010940535,-0.92004414,5.090896395,
32,C1=CC(C)=C(S1),26dc,4d,-6.302428891,-0.399735246,5.902693645,
33,C1=c2c(nc(c(n2)C)C)=C(S1),27dc,37u,-6.154997607,-2.126705799,4.028291809,
34,C1=CC=C([Se]1),28dc,64u,-6.524310525,-0.634896036,5.889414489,
35,C1=CC(Cl)=C(S1)C2=C(Cl)C=C(S2),29dc,53u,-5.855971697,-1.640057388,4.215914309,
36,C1=Cc2c(C3=CC=C(S3)C)c4c(c(c2S1)C5=CC=C(S5)C)C=C(S4),30dc,6d,-5.197728293,-1.605362872,3.59236542,
37,C1=CC2=C(c3c(N=C2S1)sc(c3F)F),31dc,28u,-6.21143402,-1.747542359,4.463891661,
38,C1=C2C(N=S=N2)=C(C3=CSC=C13),32dc,39u,-5.359744879,-3.060056306,2.299688573,
39,C1=C2SC(C)=CC2=C(S1),33dc,10d,-5.545843542,-0.951554924,4.594288618,
40,C1=CC2=C(S1)C=C(S2)C3=NC(=CO3)C(=O),40dtl,35utl,-6.114398221,-2.044445782,4.069952439,
41,C1=C2OCC(C)OC2=C(S1),34dc,7d,-5.853549884,-0.195813127,5.657736757,
42,C1=CSC2=C1N=C(S2),42dtl,23utl,-6.445941736,-0.92613949,5.519802246,
43,C1=C(F)c2c(S1)c3c(s2)C(F)=C(S3),35dc,30u,-6.10397626,-1.610968418,4.493007843,
44,C1=CSC2=C1SC(=N2),44dtl,29utl,-6.444200208,-1.290499936,5.153700272,
45,C1=CC=C(C=C1)/C(/C2=CC=CC=C2)=C(/C3=CC=CC=C3)\C4=CC=C(C=C4),36dc,19u,-5.492726918,-1.573797666,3.918929252,
46,C1=CC=C(c2c1nn(n2)C),37dc,21a,-6.344089522,-1.46367319,4.880416331,
47,C1=Cc2c(S1)c(SC)c3c(c2SC)SC(=C3),38dc,14d,-5.71849978,-1.64911878,4.069381,
48,C1=CC2=C(S1)C3=C([Si]2(C4=CC=CC=C4)C5=CC=CC=C5)C=C(S3),39dc,44u,-5.515829384,-1.52732062,3.988508764,
49,C1=C2C(=O)N(C)C(=C2C(=O)N1C),40dc,4a,-5.684104589,-2.35462836,3.329476229,
50,N1(C)C(=S)SC(C1=O)=C,50dtl,4atl,-6.453615347,-2.545516226,3.908099121,
51,C1=CC(=O)N(C=C1),51dtl,8utl,-6.093527088,-1.293384343,4.800142746,
52,C1=CC=C2C(=C1)OC(N2C)=C,52dtl,11utl,-4.997887881,-0.289610771,4.70827711,
53,C1=CC=C2C(=C1)O/C(=C\C=C\3/C(=C(C#N)C#N)C4=C(C3=O)C=CC=C4)/N2,53dtl,10utl,-5.760867906,-2.872651497,2.888216409,
54,N1(C2=C(SC3C=CC=CC1=3)C=CC=C2)C,41dc,19d,-4.78294515,-0.73419038,4.04875477,
55,N1(C2=CC=CC=C2)C(=S)N(C2=CC=CC=C2)C(=O)C(C1=O)=C,55dtl,18atl,-5.877169366,-2.857413121,3.019756245,
56,C1=CC=C([SiH2]1),42dc,55u,-6.49552088,-1.618451549,4.877069331,
57,C1=C(OC)C=C(C(=C1)OC),43dc,2d,-5.505080887,-0.231215139,5.273865748,
58,C1=NN=C(C=C1),44dc,58u,-6.327245675,-1.601281165,4.72596451,
59,C1=CC2=C(S1)C3=C([Si]2(C)C)C=C(S3),45dc,43u,-5.468481574,-1.426611284,4.04187029,
60,S1C(F)=CC2=C1N=C3C(C=C(S3)F)=C2,60dtl,32utl,-6.318048226,-1.572464308,4.745583919,
61,C1=CC(C2=CC(=CC(=C2)OC)OC)=C(S1),46dc,10u,-5.768187769,-0.928615726,4.839572043,
62,C1=CC=C2C(=C1)N(C)C(C2(C3=CC=CC=C3)C4=CC=CC=C4)=C,62dtl,18utl,-5.156856792,-0.631739515,4.525117277,
63,C1=CC=C2C(=C1)OC(=C2),63dtl,2dtl,-6.219570224,-0.766762408,5.452807816,
64,C=C1C=C/C(/S1)=C/2\C=CC(S2)=C,47dc,24u,-4.968417951,-2.284450198,2.683967753,
65,C1=CC2=C(S1)C3=C(C2=C(C#N)C#N)C=C(S3),48dc,38u,-6.220604257,-3.572337841,2.648266416,
66,C1(=S)SC(C(=S)N1C)=C,66dtl,37atl,-6.365640939,-3.049797614,3.315843325,
67,C1=C(F)C(OC)=C(C(=C1OC)F),49dc,8u,-5.676512613,-0.342128744,5.334383868,
68,C1=CC=NC2=NC(=C(N12)C),68dtl,24utl,-6.060111508,-1.588301334,4.471810174,
69,C1=CC=C(C2=C[Si]C=C12),50dc,56u,-5.502278114,-3.568256133,1.934021981,
70,C1(=CC=C2C(=C1)S/C(=C\C=C\3/C(=C(C#N)C#N)C4=C(C3=O)C=CC=C4)/N2C),70dtl,16utl,-5.694390492,-2.913659054,2.780731438,
71,C1=CC=C2C(=C1)N(C)C(=O)/C/2=C\3/C(=O)N(C)C4=C3C=CC(=C4),51dc,42u,-5.807834757,-2.855290633,2.952544123,
72,c1(c(=O)n(/c(=C/2\C(=O)N(C(=S)S2)C)/s1)C)=C,72dtl,26atl,-6.096438707,-2.716539781,3.379898926,
73,C1=C2C(SC(=N2)C)=C(S1),52dc,9a,-6.055757686,-1.188157917,4.867599769,
74,C1=CC2=C(S1)C1=C(CO2)C=C(S1),53dc,63u,-5.323635371,-1.339453218,3.984182153,
75,C1=CC2=C(S1)C3=C(C2(C)C)C=C(S3),54dc,1d,-5.368343677,-1.198307763,4.170035913,
76,C1=CC(=CC=C1)N(C2=CC=CC=C2)C3=CC=C(C=C3)C,76dtl,1dtl,-5.102923827,-0.618841319,4.484082508,
77,C1=C2C(N=CS2)=C(C2=C1N=CS2),55dc,11a,-6.371627444,-1.751624067,4.620003377,
78,C1=CC(Cl)=C(S1)C2=C(Cl)C=C(S2),56dc,54u,-5.855971697,-1.640057388,4.215914309,
79,C1=C(C=CC(=C1)N),79dtl,15utl,-5.552619176,-0.04674916,5.505870017,
80,C1=C(OC)C(OC)=C(C2C1=NSN=2),57dc,1a,-6.389478112,-2.157509086,4.231969026,
81,C1=C2C(=CC=C1)NC(=N2),81dtl,7utl,-6.294619224,-0.647413273,5.647205951,
82,C1=Cc2c(S1)c3c(s2)C=C(N3C),58dc,13d,-5.26447782,-0.698842791,4.565635029,
83,C(\C1=CC=C(C=C1)C(=O)O)=C(/C2=CC=C(C=C2)C(=O)O),59dc,27u,-6.525535037,-2.750417955,3.775117082,
84,C1=C2C(N(C1=O)C)=C(C(=O)N2C),60dc,19a,-6.432880271,-2.509379507,3.923500765,
85,C1=C(OC)C(OC)=C(C=C1),61dc,14u,-5.566524194,0.139676039,5.706200234,
86,C1=C2C(C(=O)N1C)=C(N(C2=O)C),62dc,17u,-5.655804748,-2.325920349,3.3298844,
87,N1(C)C(=S)N(C)C(=O)C(C1=O)=C,87dtl,17atl,-6.272659636,-2.959972832,3.312686805,
88,c1c(OC)c(ccc1),88,989,-6.080247932,-0.221636731,5.858611201,
89,c(s1)c2ncsc2c1C=C,89,642,-5.868080763,-1.698153695,4.169927068,duplicate
90,c1sc(c2c1C[C@H](F)[C@@H](F)C2)C=C,90,193,-6.122398368,-1.460625515,4.661772853,
91,C1=C(c2cscc12)C=C,91,923,-5.368289254,-1.92515107,3.443138184,
92,c1sc(c(c1OC)C#N),92,329,-6.442948484,-1.486721234,4.95622725,
93,c1oc(c(c1C(F)(F)F)OC),93,866,-6.482459415,-0.324196441,6.158262974,
94,c1sc(c2c1CC[C@@H](O)C2)C=C,94,478,-5.946912146,-1.265247771,4.681664375,
95,C1=[S]C(=O)C2=C1C(=O)[S]=C2,95,261,-6.674354102,-3.242753545,3.431600557,
96,c1occ(C)c1C=C,96,609,-5.964735603,-0.748993374,5.215742229,
97,c1c(C)c(c2c1ccco2),97,6,-5.385323581,-1.79450921,3.590814371,6
98,c1c2c(sc(C(=O)OCC)c2F)c(s1)C=C,98,201,-5.765412207,-2.16937325,3.596038957,
99,c1sc(c2c1CC(=O)C(=O)C2)C=C,99,15,-6.293530769,-2.416071667,3.877459102,15
100,c1sc(c(c1)C=O)C=C,100,166,-6.568882774,-2.056609271,4.512273503,
101,C(=[N])/N=C(\C1=CSC=[S]1),101,772,-4.163450758,-3.478893944,0.684556814,
102,c1c(OC)cc(c(c1)OCC(CC)CC)C=C,102,217,-5.480345738,-0.992725749,4.487619989,
103,c1[nH]c(C=C)c(c1),103,308,-5.386221557,-0.539193595,4.847027962,
104,c1sc(c2c1cc[nH]2),104,832,-5.214898677,-0.616827676,4.598071001,
105,c1c2c(=O)sc(=O)c2c(c2c1c(=O)sc2=O)C=C,105,328,-7.418258947,-3.909323633,3.508935314,
106,Nc1cscc1N,106,761,-5.228667637,0.224385081,5.453052718,
107,c1sc(c(c1OC)C(F)(F)F),107,276,-6.411845871,-0.86994798,5.541897891,
108,c(s1)c2c(=O)c3cn(CC)cc3c(=O)c2c1,108,343,-6.604284786,-2.091820803,4.512463983,
109,N(CC)c1cscc1N(CC)C=C,109,102,-5.247008111,-0.31159757,4.935410541,
110,c1c2c(ncc(C)n2)c(s1)C=C,110,327,-5.831100491,-2.433432531,3.39766796,
111,c1sc(c(c1O)C(=O)O)C=C,111,532,-6.168820991,-2.338655277,3.830165714,
112,c(s1)c2ccs(=N)(=O)c2c1,112,420,-6.337722058,-1.896932863,4.440789195,duplicate
113,c1sc(c2c1sc(=S)o2)C=C,113,596,-6.365831419,-2.047711148,4.318120271,
114,c1sc(c2c1c(C(=O)C)ccc2)C=C,114,198,-5.552918502,-2.417024066,3.135894436,
115,c1sc(c2c1C[C@H](C(=O)C(F)(F)F)CC2)C=C,115,750,-5.881441553,-1.795869779,4.085571774,
116,c1c2[nH]cnc2c(c2c1[nH]cn2),116,424,-5.746119335,-0.835933749,4.910185586,
117,C1SC=C1C(=O)CC=C,117,297,-6.341558863,-1.828033636,4.513525227,
118,c1sc2c(c1CC)sc(c2CC)C=C,118,740,-5.569109276,-1.410774258,4.158335018,
119,c1sc(c2c1ccc(F)c2)C=C,119,411,-5.510686432,-1.984934482,3.52575195,
120,c1sc(c2c1[C@H](F)[C@H](F)[C@@H](F)[C@H]2F)C=C,120,651,-6.67549698,-1.848224484,4.827272496,
121,c1c(CC)c(ccc1)C=C,121,173,-6.258128757,-0.987310684,5.270818073,
122,c1sc(c2c1c(S)ccc2O),122,159,-5.391037972,-1.596628018,3.794409954,
123,c1[nH]c(/C=C/c2[nH]ccc2)c(c1)C=C,123,626,-4.777720564,-1.161164223,3.616556341,
124,C=NNc1ccc(cc1)C=C,124,294,-5.371581832,-1.044182479,4.327399353,
125,C(C(=O)1)C(=O)C1,125,648,-6.936018781,-1.797284771,5.13873401,
126,c1oc2c(n1)cc1c(c2)oc(n1),126,931,-6.81340428,-1.484027306,5.329376974,
127,c(s1)cc(c(CC)c(CC)2)c1c(s3)c2cc3C=C,127,997,-5.57822509,-1.594641587,3.983583503,
128,N1N[C@H]2[C@@H](C)[C@@H]3[C@@H](NSN3)[C@H](C)[C@H]2N1,128,335,-6.17823613,0.275488062,6.453724192,
129,c1sc(c2c1ocn2),129,215,-6.442431468,-1.287642741,5.154788727,
130,c1c2c(nccn2)c(c2c1nccn2),130,537,-6.74091315,-3.022395749,3.718517401,
131,c1sc(c2c1c(C)ccc2),131,55,-5.508727212,-1.527592734,3.981134478,
132,c1occ(N(=O)=O)c1NC=C,132,241,-5.77036468,-2.570659546,3.199705134,
133,c1sc(c2c1cc(C(F)(F)F)c(C#N)c2)C=C,133,762,-6.215842264,-2.884352393,3.331489871,
134,c1[nH]cc(c1C)C=C,134,389,-5.489597609,0.004163342,5.493760951,
135,c1oc(cc1C(F)(F)F),135,521,-7.061163941,-0.46523305,6.595930891,
136,c1sc(c2c1[nH]cn2)C=C,136,986,-5.382330329,-1.372025246,4.010305083,
137,C1=CC=C(C1=S)C=C,137,246,-6.038913839,-3.590623892,2.448289947,
138,c1sc(c2c1[C@H](OC)CCC2),138,911,-6.175977585,-0.371789154,5.804188431,
139,N1[C@H]2CSC[C@H]2N(S1)C=C,139,634,-5.042541764,-0.763524253,4.279017511,
140,c1sc(c2c1[C@H](C(F)(F)F)CC[C@H]2C(F)(F)F)C=C,140,527,-6.377722794,-1.334936128,5.042786666,
141,N1C(=O)C=C(C1=O)C=C,141,82,-7.252759303,-2.923074193,4.32968511,
142,NCc1cc(OCC)c(cc1OCC)CNC=C,142,608,-5.33166273,-0.237120009,5.094542721,
143,c1oc(cc1C(=O)OC)C=C,143,511,-6.155868372,-1.247097777,4.908770595,
144,c1c(C(F)(F)F)sc(C#N)c1,144,67,-7.671624153,-2.479936788,5.191687365,
145,c1scc2c1c(c(cc2)O),145,564,-5.399908883,-1.461605125,3.938303758,
146,c1scc2c1N(CCN2C(=O)O)C=C,146,106,-5.609436548,-1.069271376,4.540165172,
147,c1sc(c2c1[C@H](C)CC[C@H]2C=C)C=C,147,775,-5.706553982,-1.224403482,4.4821505,
148,C1SCN2[C@H]1NCC2,148,234,-5.786364974,0.917459058,6.703824032,
149,c1[nH]cnc1C=C,149,767,-5.828705889,-0.452552545,5.376153344,
150,c1sc(c2c1cc(OC)c(OC)c2)C=C,150,884,-6.195624205,-0.404633296,5.790990909,
151,c1sc(c2c1nc(N)c(N)n2)C=C,151,562,-5.291444303,-1.741583066,3.549861237,
152,c1ccc(cc1)C=C,152,95,-6.280278824,-1.142932595,5.137346229,
153,c1sc(c(c1C(=O)O)OC)C=C,153,476,-6.487847269,-1.871190893,4.616656376,
154,c1sc(c2c1[nH]nc2)C=C,154,809,-5.480672274,-1.755841832,3.724830442,
155,c1ccc(cc1),155,169,-6.967148605,-0.253963857,6.713184748,
156,c1sc(c2c1[C@H](OC)CCC2)C=C,156,345,-5.744568287,-1.071693189,4.672875098,
157,c1c2c(OCN2)c(s1),157,64,-5.381976581,-0.036626524,5.345350057,duplicate
158,c1oc(cc1C=O),158,322,-6.950576872,-1.608437759,5.342139113,
159,c1scc2c1C(=[S@@](OC)C(=C2)OC)C=C,159,216,-5.149509718,-1.58253252,3.566977198,
160,c1cc2c(cc1)c1c(C2(CC)CC)cc(cc1),160,380,-5.980817532,-1.078060653,4.902756879,
161,C=CC=C,161,60u,-6.485289399,-0.937677117,5.547612282,duplicate
162,c1sc(cc1)c1ccc(s1)c1sc(cc1)C=C,162,637,-5.285675489,-1.952308032,3.333367457,
163,C1=Cc2[nH]c(cc2C1),163,379,-5.036936218,-0.207051429,4.829884789,
164,c1sc(c2c1[C@H](N(=O)=O)CC[C@H]2N(=O)=O),164,378,-7.227888097,-2.063602597,5.1642855,
165,c1oc2CCc2c1,165,776,-5.988899313,0.282073217,6.27097253,
166,c1c(CC)sc(c1),166,94,-6.222563476,-0.347271696,5.87529178,
167,C1C[C@@H]2[C@@H](CC1)N(CC)[C@@H]1[C@@H](S2)CCCC1C=C,167,366,-5.303879906,0.301012341,5.604892247,
168,c1cCcc1C=C,168,305,-5.8540669,-0.979228902,4.874837998,
169,c1sc(nn1)C=C,169,607,-7.051177362,-1.911953548,5.139223814,
170,c1sccc1OC=C,170,614,-6.026124488,-0.618052189,5.408072299,
171,C#Cc1sc(cc1)C#C,171,181,-6.14522872,-1.838754922,4.306473798,
172,c1sc(c2c1CC[C@@H](N)C2),172,312,-6.234073892,-0.425422794,5.808651098,
173,c1c(OC)sc(OC)c1,173,156,-5.168231151,0.385775806,5.554006957,
174,c1c(C(=O)c2cscc2C(=O)c2ccccc2)ccc(c1),174,939,-6.815254654,-1.854401468,4.960853186,
175,c1sc2c(c1)n(C)c1c2sc(c1)C=C,175,85,-5.111304934,-1.374583116,3.736721818,
176,c1sc2c(c1)n(C)c1c2sc(c1),176,3d,-5.269620772,-0.758109187,4.511511584,duplicate
177,c1sc(c(c1OC)C(F)(F)F)C=C,177,337,-6.119024156,-1.59273679,4.526287366,
178,c1sc(c2c1cc(C)c(C)c2),178,249,-5.373649897,-1.439727172,3.933922725,
179,N(CC)c1ccc(c(c1)C=C)N(CC)C=C,179,206,-4.90474331,-0.956752298,3.947991012,
180,c1sc(c2c1C[C@H](N(=O)=O)[C@@H](N(=O)=O)C2),180,569,-6.756151526,-2.470984242,4.285167284,
181,C1=Cc2[nH]c(cc2C1)C=C,181,942,-4.869069184,-0.803443355,4.065625829,
182,c1sccc1SC=C,182,126,-5.817739701,-0.786953256,5.030786445,
183,c1c2C(=O)OCc2ccc1,183,195,-7.453443268,-1.570069706,5.883373562,
184,c1sc(c2c1c(C=C)ccc2),184,382,-5.491774519,-1.800278024,3.691496495,
185,c1sc(c2c1C(=O)NC2=O),185,154,-7.526560259,-1.986403897,5.540156362,
186,c1n(CC)c(cc1)C=C,186,210,-5.2966961,-0.553098613,4.743597487,
187,c1scc2c1[C@@H](CC[C@H]2N(=O)=O)NC=C,187,698,-5.545136045,-1.979900376,3.565235669,
188,c1sc(c2c1CCC[C@H]2N(=O)=O),188,771,-6.664558004,-1.725718828,4.938839176,
189,c1sc(c2c1c(C=C)ccc2C),189,214,-5.398439469,-1.740902781,3.657536688,
190,C1=C/C(/C(=C1)OC)=C\1/C=C(C=C1OC)C=C,190,551,-5.246735997,-2.686090241,2.560645756,
191,c1cc2c(s1)c1c([nH]2)cc(s1),191,157,-5.319526452,-0.762952814,4.556573638,
192,c1oc(c(c1C#N)C(F)(F)F)C=C,192,833,-7.01713592,-2.051792856,4.965343064,
193,c1sc(c2c1SCCCS2),193,31,-5.838474776,-0.765020879,5.073453897,
194,c1cc2c(cs1)c1c(ccs1)c2C=C,194,16,-5.075984556,-1.941532323,3.134452233,16
195,c1c2nsnc2c(c2c1nc(CC)c(CC)n2),195,712,-6.309231738,-3.099295123,3.209936615,
196,c1oc(cc1C)C=C,196,500,-6.367899484,0.226153821,6.594053305,
197,c(s1)c2NCOc2c1,197,64,-5.381976581,-0.036626524,5.345350057,
198,c1sc(c2c1OCCCC2)C=C,198,231,-5.819508441,-1.10472781,4.714780631,
199,c1nc2c(c(=O)c3c2ncc3)c1C=C,199,127,-6.91871234,-3.982631105,2.936081235,
200,c1sc(c2c1[C@H](C#N)CC[C@H]2OC),200,183,-6.817703679,-0.956697876,5.861005803,
201,c1scc(C#N)c1N,201,86,-6.03521309,-1.363181545,4.672031545,
202,c1sccc1/C=C(/Cc1ccc(CC)cc1)C=C,202,585,-5.777303583,-1.375535514,4.401768069,
203,c1cc2c(s1)cc(s2)C=C,203,138,-5.736214391,-1.529987336,4.206227055,
204,c1cc2c(C(=O)N(C2=O)CC)cc1C=C,204,360,-6.816043784,-2.442140174,4.37390361,
205,C1=C2OCCSC2=C([S@@]1NC),205,541,-3.792858905,0.645671744,4.438530649,
206,c1sc(c2c1c(C(=O)C)ccc2),206,992,-5.917496639,-2.246517527,3.670979112,
207,c1nc2cscc2nc1,207,703,-6.429560482,-2.420289432,4.00927105,
208,c1sc(c2c1OCC[C@@H](SC)O2)C=C,208,348,-5.554796087,-0.966929356,4.587866731,
209,c1cc2c(s1)c1c(C2(CC)CC)cc(s1)C=C,209,336,-5.189265552,-1.623104695,3.566160857,
210,c1oc(c(c1OC)C#N)C=C,210,58,-6.290347036,-1.832931686,4.45741535,
211,c1sc(c2c1c(C#N)ccc2)C=C,211,97,-5.900924905,-2.55169321,3.349231695,
212,C1=C(F)C=C/C/1=C\1/C(=CC(=C1)F)C=C,212,197,-5.929850607,-3.197881971,2.731968636,
213,c1oc(nc1)C=C,213,180,-6.396525861,-1.317901801,5.07862406,
214,c1c2n(CC)c3c(c2ccc1)cccc3,214,706,-5.559639714,-0.952235208,4.607404506,
215,c1scc(N(=O)=O)c1N,215,376,-6.031757244,-2.438385003,3.593372241,
216,c1c(F)c(F)c(c2c1nsn2)C=C,216,301,-6.556039,-2.826092817,3.729946183,
217,c1sc(c2c1cc(C#N)cc2),217,915,-6.198508612,-2.341702952,3.85680566,
218,c1csc2c1n(CC)c1c2scc1,218,486,-5.263960804,-0.75854457,4.505416234,
219,c1oc(cc1C=O)C=C,219,222,-6.386566494,-1.582695789,4.803870705,
220,c1sc(c2c1[nH]cn2),220,613,-5.800569317,-0.877784859,4.922784458,
221,c1ccc2c(c1)oc1c2ccc(c1)C=C,221,632,-5.958204871,-1.634669534,4.323535337,
222,c1sc(CC)c(c1CC),222,22,-6.050505889,-0.289474714,5.761031175,
223,c1cc2c(cc1)C(C(=O)N2CC)C1C(=O)Nc2cc(ccc12),223,719,-6.044328904,-0.864859451,5.179469453,
224,c1oc(c(c1O)C(=O)O)C=C,224,834,-6.139568752,-2.200285384,3.939283368,
225,c1ccc2c(c1)C(=O)c1c2ccc(c1),225,635,-6.461996453,-2.466603209,3.995393244,
226,c1sc(c2c1C(=O)OC2=O)C=C,226,667,-7.018306009,-2.641953375,4.376352634,
227,c1oc(nc1),227,844,-7.076973755,-0.265474273,6.811499482,
228,c1sc(c2c1C[C@H](F)[C@@H](F)C2),228,76,-6.631632228,-0.791334289,5.840297939,
229,c1sc(c(c1SCC)SCC)C=C,229,597,-5.66271644,-1.337847746,4.324868694,
230,c1sc(c2c1cc(C(C)(C)C)cc2)C=C,230,443,-5.27979783,-1.844278833,3.435518997,
231,c1sc(c(c1)C=O),231,655,-7.098634018,-1.712466884,5.386167134,
232,c1oc(c(c1)N(=O)=O),232,627,-7.454096341,-2.437078856,5.017017485,
233,c(s1)c2c(=O)n(C)c(=O)c2c1,233,601,-5.931102331,-2.59452393,3.336578401,duplicate
234,c1sc(c2c1cc(C=C)cc2)C=C,234,263,-5.354357025,-2.040799456,3.313557569,
235,c1sc(c2c1c(C(=O)C(F)(F)F)ccc2),235,885,-6.201637921,-2.770064575,3.431573346,
236,c1oc2c(C(=O)N)c(oc2c1)C=C,236,63,-5.758609361,-1.669663375,4.088945986,
237,c1c2c(ccs1)nc1c2sc(c1),237,702,-5.76054137,-2.113236163,3.647305207,
238,c1oc2c(c1)C(=S)c1c2oc(c1)C=C,238,674,-5.47999199,-3.204385492,2.275606498,
239,c1c(OCCC)c(cc(c1)OCCC),239,996,-5.464372655,-0.196792737,5.267579918,
240,c1[nH]cc2c1[nH]cc2C=C,240,209,-4.658997291,-0.157499497,4.501497794,
241,c1scc(N(O)O)c1N(O)O,241,107,-5.877577537,-0.491083866,5.386493671,
242,c1c2c(=O)oc(=O)c2c(c2c1c(=O)oc2=O),242,677,-8.750310668,-4.082007083,4.668303585,
243,c1[nH]c(=O)c2c1c(=O)[nH]c2C=C,243,730,-5.753303141,-2.735424482,3.017878659,
244,c1nnc(nn1),244,502,-6.788941245,-3.243869212,3.545072033,
245,C1=CC2=C(OC=CO2)/C/1=C/1\C2=C(OC=CO2)C=C1C=C,245,314,-4.812387869,-3.144248331,1.668139538,
246,c1[nH]cc2c1[nH]cc2,246,953,-4.62517354,0.496117972,5.121291512,
247,c1sc2c(c1)C(=O)c1c2sc(c1)C=C,247,484,-5.640267048,-2.705764072,2.934502976,
248,c1sc(c2c1CC[C@@H](N(=O)=O)C2),248,179,-6.446730866,-1.860986624,4.585744242,
249,c1sc(c2c1cc(C)cc2),249,773,-5.505461846,-1.477823111,4.027638735,
250,C1SCN2[C@H]1NCC2C=C,250,433,-5.874992455,0.223323837,6.098316292,
251,c1sc(c2c1CCS(=O)(=O)C2),251,372,-6.879500734,-1.030712843,5.848787891,
252,c1c2c(cccc2)cc2c1c(ccc2),252,711,-5.482577071,-1.925096647,3.557480424,
253,c1cc(cnc1),253,471,-6.957542987,-0.867879915,6.089663072,
254,c1c(OC)cc(c(c1)OCC(CC)CC),254,274,-5.469025802,-0.240902392,5.22812341,
255,c1sc(c2c1OSCCO2)C=C,255,309,-5.704866876,-1.178171339,4.526695537,
256,c1cCcc1,256,957,-6.017906649,-0.59312656,5.424780089,
257,c1sc(c2c1nc(CN)c(CN)n2)C=C,257,729,-5.862856177,-2.414656675,3.448199502,
258,c1sc(c2c1OCCS2)C=C,258,854,-5.592674335,-1.176647501,4.416026834,
259,c1scc2c1C=C(C2)C=C,259,756,-5.635096884,-1.423563609,4.211533275,
260,C1=C2C(C(=O)N1)=C(OC2=O)C=C,260,346,-6.110370936,-2.925142259,3.185228677,
261,c1sc(c2c1cc(S)cc2)C=C,261,117,-5.361704099,-1.932906314,3.428797785,
262,c1sc(c2c1C(=O)c1ccc(CC)cc1C2=O)C=C,262,658,-6.504881596,-2.757683395,3.747198201,
263,c1oc(c(c1C)C),263,282,-5.989416329,0.401830523,6.391246852,
264,c1c2c(=O)sc(=O)c2c(c2c1c(=O)sc2=O),264,544,-8.075359473,-4.020101182,4.055258291,
265,c1occc1SC=C,265,202,-5.837576801,-0.312305066,5.525271735,
266,c1c(OCC)cc(OCC)c(c1)C=C,266,365,-5.375690751,-0.676964837,4.698725914,
267,c1scc(C(=O)OC)c1C=C,267,402,-6.229012575,-1.320568516,4.908444059,
268,C1=C(Cc2c(C1)nsn2),268,979,-6.881405531,-1.492462836,5.388942695,
269,c1sc(c2c1ncs2),269,111,-6.212658532,-1.378419921,4.834238611,duplicate
270,C1=C(N(=O)=O)C=C/C/1=C\1/C=CC(N(=O)=O)=C1,270,109,-7.458613431,-4.592873626,2.865739805,
271,c1c(C)Nc(C)c1,271,242,-5.226599572,1.045842373,6.272441945,
272,c1ccc(=O)c1C=C,272,122,-6.164603226,-3.027212164,3.137391062,
273,c1cscc1C(=O)O,273,47u,-7.279263192,-1.584083569,5.695179623,duplicate
274,c(s1)c(O)c(NN)c1,274,383,-5.31280524,0.006068139,5.318873379,
275,c1sccc1N(CC),275,518,-5.230654068,-0.050041737,5.180612331,
276,C1C(=O)O[C@@H]2[C@H]1CC[C@@H]1[C@H]2OC(=O)C1,276,937,-7.621636839,-0.145472064,7.476164775,
277,C(=S)[CH]C1=[S]C=C(O1)C=C,277,441,-5.351173293,-2.060745401,3.290427892,
278,C1=C/C(/C(=C1)C#N)=C\1/C=C(C=C1C#N),278,99,-7.003856764,-4.176566646,2.827290118,
279,C1OCC1,279,306,-6.722110083,1.542477362,8.264587445,
280,c1c(F)sc(F)c1,280,407,-6.427465206,-0.51886669,5.908598516,
281,c1sc(C=O)c(c1)C=C,281,904,-6.560637724,-2.256912276,4.303725448,
282,c1c(nc2cSc12)C=C,282,577,-5.724894455,-2.876950896,2.847943559,
283,c1sc(c2c1OCCS2),283,498,-6.010015348,-1.282962382,4.727052966,
284,c1sc(c2c1oc(N(=O)=O)c2)C=C,284,468,-6.276959035,-3.018395675,3.25856336,
285,N1[C@H]2[C@H](N[C@@H]3[C@@H](CSC3)N2)N(S1)C=C,285,230,-5.421487512,-0.309094123,5.112393389,
286,c1sc(c2c1[C@H](F)CC[C@H]2F)C=C,286,524,-6.134507434,-1.467237882,4.667269552,
287,c1scc(OC)c1NC=C,287,143,-5.024310136,-0.255787019,4.768523117,
288,C1=[S]C(=C(O1)[N]C=O)C=C,288,812,-5.702417851,-3.068410201,2.63400765,
289,c1sc(c2c1cc(C(=O)C(F)(F)F)cc2)C=C,289,721,-5.883672887,-2.76957477,3.114098117,
290,c1c(C#N)sc(OC)c1,290,155,-6.378675192,-1.453360076,4.925315116,
291,c1cc2c(cc1)c1c(C2)cc(cc1),291,265,-6.002314526,-1.02437259,4.977941936,
292,c1cscc1C(=O)OC=C,292,906,-6.909705372,-1.564545795,5.345159577,
293,c1c(O)sc2c1[nH]c1c2sc(c1)C=C,293,526,-4.839599254,-1.181572762,3.658026492,
294,c1c(F)cccc1,294,302,-6.874629896,-0.567928817,6.306701079,
295,c1sc(c2c1c(F)ccc2F),295,250,-5.792678015,-1.843598549,3.949079466,
296,c1c(OCC)cc(CC)c(OCC)c1,296,594,-5.333758006,-0.161934952,5.171823054,
297,C1=C2OCCSC2=C([S@@]1NC)C=C,297,108,-3.734925866,-0.337230695,3.397695171,
298,c1sc(c2c1C(=O)OC2=O),298,813,-7.915492586,-2.300722606,5.61476998,
299,C1=C(C(=C[S@@]1O)O)C=C,299,652,-4.425387551,-0.603358041,3.82202951,
300,C1=C/C(/C(=C1)F)=C\1/C=C(C=C1F)C=C,300,313,-6.010804478,-3.314101797,2.696702681,
301,c1sc(c2c1SCS2),301,178,-5.737520538,-0.647168371,5.090352167,
302,c1cccc2c1n(c1c2cccc1)C=C,302,858,-5.66448518,-1.097244679,4.567240501,
303,c1cc(c(cc1)N(c1ccccc1)c1ccccc1),303,690,-5.175496591,-0.654923615,4.520572976,
304,C1=C/C(/C(=C1)C#N)=C\1/C=C(C=C1C#N)C=C,304,591,-6.706572382,-4.100320345,2.606252037,
305,c1sc2C3=C([CH]S3)Cc2c1C=C,305,590,-4.799190347,-1.257927908,3.541262439,
306,c1sc(c2c1OCCO2),306,100,-5.911999939,-0.238208465,5.673791474,
307,c(o1)c2c(=O)Nc(=O)c2c1,307,296,-7.466722424,-2.017424876,5.449297548,
308,c1sc(c2c1cc(C(=O)C(F)(F)F)cc2),308,423,-6.229230266,-2.61789851,3.611331756,
309,N1c2cscc2N(C1)C=C,309,497,-4.954757835,-0.237827505,4.71693033,
310,C1=C2C(C(=O)O1)=C(OC2=O),310,57,-6.979176038,-3.139241436,3.839934602,
311,C1SC=C1C(=O)C,311,724,-6.373450606,-1.734970699,4.638479907,
312,c1c2cS(F)cc2ccc1,312,196,-6.010341884,-2.70002247,3.310319414,
313,c1scc(C(=O)O)c1S,313,303,-6.14424911,-1.742753156,4.401495954,
314,c(s1)c2ccs(=N)(=O)c2c1C=C,314,420,-6.337722058,-1.896932863,4.440789195,
315,c1sc(c2c1nccn2)C=C,315,601,-5.931102331,-2.59452393,3.336578401,duplicate
316,c1cc(CC)c(c(c1)CC)/C=C(/C)C=C,316,219,-6.146779769,-1.021950777,5.124828992,
317,c1[nH]c(c2c1nccn2)C=C,317,13,-5.438276936,-1.885313602,3.552963334,
318,c1sc(c2c1C(=O)c1ccc(CC)cc1C2=O),318,849,-7.159750789,-2.689029071,4.470721718,
319,c1sc(c2c1c(C#N)ccc2C#N)C=C,319,991,-6.309803177,-3.153881161,3.155922016,
320,c1c2nc(C)c(C)nc2c(s1)C=C,320,662,-5.720295731,-2.296368784,3.423926947,
321,c1sc(c(c1)C(=O)C),321,927,-6.918657917,-1.546749549,5.371908368,
322,c1c2nsnc2c(cc1)C=C,322,162,-6.270482725,-2.609299712,3.661183013,
323,c(s1)cc(c(=S)2)c1c(s3)c2cc3C=C,323,650,-5.614252964,-3.256468083,2.357784881,
324,c1sc(c2c1[C@H](C(=O)C)CCC2),324,726,-6.334102944,-0.666542877,5.667560067,
325,c1sc(c2c1cc(C(=O)C)cc2),325,39,-5.927374371,-2.139984954,3.787389417,
326,c1sc(c2c1C(=O)NC2=O)C=C,326,267,-6.690463242,-2.288994499,4.401468743,
327,C1=C(Cc2c(C1)nsn2)C=C,327,203,-6.497262408,-1.521687863,4.975574545,
328,c1sc(c2c1OCCCS2)C=C,328,427,-5.599096222,-1.154415799,4.444680423,
329,c(s1)cc(c(=O)2)c1c(s3)c2cc3,329,863,-5.905251515,-2.643613269,3.261638246,duplicate
330,c1sc(c2c1cc(C#N)c(OC)c2),330,752,-5.905441995,-2.174842739,3.730599256,
331,c1[nH]c(/C=C/c2[nH]ccc2)c(c1),331,392,-4.71595072,-0.946656875,3.769293845,
332,c1sc2c(c3ccoc3cc2c1),332,60,-5.694771452,-1.21022635,4.484545102,
333,c1c(C(=O)C(F)(F)F)scc1C=C,333,118,-6.755607298,-2.562115171,4.193492127,
334,c1[nH]cc2c1S(=O)(=O)C(=C2),334,683,-6.537399201,-1.4954833,5.041915901,
335,c1c2cscc2c(nn1)C=C,335,741,-6.174725861,-2.436344149,3.738381712,
336,c1sc(c2c1sc(=S)s2),336,612,-6.234291583,-2.083085948,4.151205635,
337,c1[nH]c(cc1)C#C,337,141,-5.72184678,-0.290916918,5.430929862,
338,c1ccc(s1),338,2u,-6.546705495,-0.447600073,6.099105422,duplicate
339,c1sc(c(c1C)C)C=C,339,152,-5.797004626,-1.01925685,4.777747776,
340,C1=CC=C(S1(=O)=O)C=C,340,125,-6.759607372,-2.709927414,4.049679958,
341,C1S[C@@H]2[C@@H]1NCC2C=C,341,279,-6.118289449,0.125498908,6.243788357,
342,c1c2c(sc(C(=O)OCC)c2F)c(s1),342,708,-5.992681695,-1.998431329,3.994250366,
343,c1sc(c2c1CN2),343,948,-5.646307975,-0.296359195,5.34994878,
344,c1scc2c1C[C@@H](CC2)C(=C)C=C,344,584,-6.16408621,-0.774327173,5.389759037,
345,c1[nH]c(C=C)c(c1)C=C,345,23,-5.399010908,-0.972045097,4.426965811,23
346,c1oc(c(c1O)C(=O)O),346,988,-6.383165071,-1.539266418,4.843898653,
347,c1oc(c(c1O)S),347,503,-6.100329935,-0.275215948,5.825113987,
348,c1cc2c(s1)c1c([nH]2)cc(s1)C=C,348,794,-5.165890972,-1.364297212,3.80159376,
349,c1c(N)ccc(c1)C=C,349,506,-5.288750376,-0.641426768,4.647323608,
350,c1sc(c2c1cc(N(=O)=O)cc2)C=C,350,785,-6.019022316,-2.738934751,3.280087565,
351,C1=C2C(C(=O)O1)=C(OC2=O)C=C,351,88,-6.608039957,-3.245665163,3.362374794,
352,c1c(S)sc(O)c1C=C,352,610,-5.688512833,-0.724530338,4.963982495,
353,C(=C)N=NC=C,353,980,-6.401369487,-2.372642297,4.02872719,
354,c1sc(c2c1occ2),354,630,-5.895101669,-0.980970431,4.914131238,
355,c1sc(c2c1cc(N(=O)=O)c(N)c2),355,401,-5.444072961,-2.707260699,2.736812262,
356,c1sc(c2c1SCS2)C=C,356,218,-5.745384628,-1.331317014,4.414067614,
357,C1=C2C(C(=O)S1)=C(OC2=O),357,220,-6.784288098,-3.19333767,3.590950428,
358,c1sc(c2c1[C@H](F)[C@H](F)[C@@H](F)[C@H]2F),358,710,-7.297630877,-1.39588963,5.901741247,
359,c1sc(c(c1O)C#N),359,747,-6.658326596,-1.634968859,5.023357737,
360,C1=C(C=C/C/1=C\1/C=CC(=C1)N)N,360,71,-4.565635029,-2.079902216,2.485732813,
361,c1[nH]c(=O)c2c1c(=O)[nH]c2,361,101,-5.875781585,-2.437568661,3.438212924,
362,c1oc2c(c1)C(=O)c1c2sc(c1)C=C,362,739,-5.603939849,-2.655667913,2.948271936,
363,c1sc(C)c(c1),363,386,-6.18354235,-0.291216243,5.892326107,
364,c1[nH]c(c(c1)C(=O)C),364,578,-6.313231811,-0.787796809,5.525435002,
365,c1sc(c2c1[C@H](C(F)(F)F)CCC2)C=C,365,499,-5.72734348,-0.921132595,4.806210885,
366,c(s1)c2cc(OC)c(OC)cc2c1C=C,366,90,-5.169863834,-1.702153769,3.467710065,
367,C1C[C@@H]2[C@@H](CC1)N(CC)[C@@H]1[C@@H](S2)CCCC1,367,390,-5.34050643,1.031175436,6.371681866,
368,N1N[C@H]2[C@@H](C)[C@@H]3[C@@H](NSN3)[C@H](C)[C@H]2N1C=C,368,491,-5.187088641,0.24814062,5.435229261,
369,c1oc(cc1C(=O)O),369,636,-7.167750936,-1.239859548,5.927891388,
370,c1cc(N(=O)=O)c(cc1)C=C,370,975,-6.973407224,-2.504046075,4.469361149,
371,c1sc(c(c1OCC)ON(=O)=O),371,481,-6.374239737,-1.858183851,4.516055886,
372,c1oc(cc1C#N)C=C,372,151,-6.559903017,-1.6147508,4.945152217,
373,C1=[S]C(=C(S1)C(=O)C)C=C,373,341,-4.33224298,-2.384832997,1.947409983,
374,c1sc(c2c1[C@H](C#N)CC[C@H]2C#N)C=C,374,672,-6.536310746,-1.79235951,4.743951236,
375,c1sc(c2c1nc(OCC)c(OCC)n2)C=C,375,984,-5.540401264,-1.89078309,3.649618174,
376,c1scc2c1c1c(s2)sc(c1)C=C,376,670,-5.468699265,-1.370174871,4.098524394,
377,c1sc(c2c1oc(=O)o2)C=C,377,998,-6.497262408,-1.801312056,4.695950352,
378,c1scc2c1c(ccc2O),378,243,-5.306002394,-1.381630865,3.924371529,
379,c1c2c(ncc(C)n2)c(s1),379,408,-6.277040669,-2.300260012,3.976780657,
380,c1c(C)cc(s1),380,4d,-6.302428891,-0.399735246,5.902693645,duplicate
381,c1sc(c2c1C[C@H](C(=O)O)[C@@H](O)C2),381,918,-6.988972136,-1.194198844,5.794773292,
382,c1oc2cc(sc2c1),382,284,-5.950667317,-0.673400146,5.277267171,
383,c1sc(c2c1C[C@H](S)[C@@H](O)C2),383,619,-6.341939823,-0.756503716,5.585436107,
384,c1c(OCCC)c(cc(c1)OCCC)C=C,384,252,-5.794664446,-1.044100844,4.750563602,
385,c1[nH]c(c2c1nccn2),385,504,-5.835182199,-1.697119663,4.138062536,
386,c(s1)c2scnc2c1,386,111,-6.212658532,-1.378419921,4.834238611,
387,C1=CC2=C(OC=CO2)/C/1=C/1\C2=C(OC=CO2)C=C1,387,725,-4.867409289,-3.062804656,1.804604633,
388,c1sc(c2c1C[C@H](C#N)[C@@H](OC)C2)C=C,388,705,-6.013362348,-1.25580542,4.757556928,
389,c1c(F)c(F)c(c(c1F)F)C=C,389,435,-6.929351992,-1.78351581,5.145836182,
390,N1[C@H]2CSC[C@H]2N(S1),390,10,-5.087603817,-0.206779315,4.880824502,
391,C1=C(C(=C[S@@]1O)O),391,972,-6.016137909,-0.536118708,5.480019201,
392,c1c2nc(CC)c(CC)nc2c(s1)C=C,392,618,-5.669328807,-2.308913233,3.360415574,
393,c1sc(c2c1c(S)ccc2O)C=C,393,615,-5.246273403,-1.886919074,3.359354329,
394,c1occc1C=C,394,319,-6.055730475,-0.768068554,5.287661921,
395,c1sc2c(c1)c1c(scc1)c(c2)C=C,395,225,-5.650552951,-1.611431011,4.03912194,
396,c1sc(c2c1c(C(F)(F)F)ccc2OC),396,929,-5.738527359,-1.769229833,3.969297526,
397,C1=[S]C(=C(S1)C(=O)C),397,982,-4.146362008,-1.95089304,2.195468968,
398,C1Oc2cscc2OC(C1=O),398,14,-6.270863685,-1.285601887,4.985261798,
399,c1cc(CN)ccc1CNC=C,399,943,-5.31299572,-0.350645908,4.962349812,
400,c1sc(c(c1O)OC)C=C,400,758,-5.763072028,-1.223695986,4.539376042,
401,c1ccc(c2c1nc(CC)c(CC)n2)C=C,401,416,-6.097363894,-2.046949229,4.050414665,
402,c1c(F)sc(F)c1C=C,402,922,-6.184304269,-1.02377394,5.160530329,
403,c1sc(c2c1CC[C@@H](C)C2)C=C,403,696,-5.737030733,-1.060101139,4.676929594,
404,c1sc(c2c1c(C(=O)C(F)(F)F)ccc2)C=C,404,142,-5.866094332,-2.89020284,2.975891492,
405,c1sc(c2c1ncnc2C#N)C=C,405,742,-6.480881155,-3.1974738,3.283407355,
406,c1sc2c(c1)[nH]c(c2)C=C,406,928,-5.237348069,-0.995120351,4.242227718,
407,c1sc(c2c1cc(C)s2),407,10d,-5.545843542,-0.951554924,4.594288618,duplicate
408,c1sc(c2c1nc(CCO)c(CN)n2)C=C,408,735,-5.986368654,-2.587258491,3.399110163,
409,N1c2cscc2N(CC1),409,449,-4.87606251,0.252249539,5.128312049,
410,c1sc(c2c1[nH]c(C#N)c2)C=C,410,946,-5.626253184,-2.147685776,3.478567408,
411,c1[nH]c2nc3[nH]c(nc3nc2n1),411,434,-6.506078897,-1.812740838,4.693338059,
412,c1oc2c(c1)C(=O)c1c2sc(c1),412,760,-5.842447639,-2.582795823,3.259651816,
413,c1sc(c2c1cc(C(=O)OC)cc2)C=C,413,802,-5.578333935,-2.230490021,3.347843914,
414,c1oc(c(c1OC)OC)C=C,414,496,-5.294247075,-0.636120548,4.658126527,
415,c1sc(c2c1sc(C(=O)OCC)c2)C=C,415,909,-5.677982027,-2.234326826,3.443655201,
416,c1nc2CCNS2c1,416,671,-5.54051011,-1.459020044,4.081490066,
417,c1sc(c2c1OCSS2),417,687,-6.082887437,-1.284078049,4.798809388,
418,c1c(F)c(F)c(c2c1nsn2),418,2a,-7.121001777,-2.754989468,4.366012309,duplicate
419,c1sc(c2c1C(=O)c1ccccc1C2=O)C=C,419,888,-6.531630388,-2.812813661,3.718816727,
420,c1sc(c2c1CCC[C@H]2O),420,50,-6.364933443,-0.619494392,5.745439051,
421,c1c2n(CCC)c3c(c2ccc1)cccc3C=C,421,872,-5.488590787,-1.129952764,4.358638023,
422,c1sc(cc1)N,422,878,-5.302900296,0.108437369,5.411337665,
423,c1csc2c1c(CC)c(CC)c1c(csc21),423,340,-5.795208674,-1.092292207,4.702916467,
424,c1sc(nn1),424,716,-7.37333295,-1.406393225,5.966939725,
425,c1sc(c2c1C[C@H](OC)[C@@H](OC)C2),425,268,-6.092846804,-0.220684333,5.872162471,
426,c1sc(c2c1[C@H](C#N)CC[C@H]2C#N),426,673,-7.102253132,-1.299125945,5.803127187,
427,C1C(=O)Oc2c1cc1c(c2)C(C(=O)O1),427,603,-6.627496097,-1.454693433,5.172802664,
428,c1sccc1/C=C(/Cc1sc(CC)cc1)C=C,428,663,-5.742745124,-1.30747984,4.435265284,
429,c1cc2c(C=C/C/2=C\2/C=Cc3c2cccc3)c(c1)C=C,429,45,-5.753112661,-2.826500988,2.926611673,
430,c1ccc(=O)c1,430,48,-6.853949244,-2.961224555,3.892724689,
431,C1=C(F)C=C/C/1=C\1/C(=CC(=C1)F),431,583,-6.249312268,-3.191079125,3.058233143,
432,c1sc(c2c1c(C(=O)OC)ccc2),432,164,-5.777711754,-2.088392168,3.689319586,
433,c1sc(NC)c(c1C(=O)OC),433,458,-5.431147554,-0.934711076,4.496436478,
434,N1CN[C@@H]2C[C@H]3[C@@H](C[C@H]12)N(CN3),434,489,-6.085826266,1.021134435,7.106960701,
435,C1C(=O)O[C@@H]2[C@H]1CC[C@@H]1[C@H]2OC(=O)C1C=C,435,385,-7.337223442,-0.723414672,6.61380877,
436,c1cc(cc2c1n(c1c2cccc1)C(CC)CC),436,450,-5.537625703,-0.932670223,4.60495548,
437,C1=C2CSC[C@H]2C(=C1),437,404,-5.916979622,-1.004481068,4.912498554,
438,c1sc(c(c1)C(=O)C(F)(F)F),438,338,-7.320706131,-2.335199431,4.9855067,
439,c(s1)c2NCOc2c1C=C,439,682,-5.462250167,-0.917404636,4.544845531,duplicate
440,c1c(c2c(s1)nc1c(c2CC)CCS1),440,18,-5.671424084,-1.116292649,4.555131435,
441,c1c2cscc2c(N)c(c1)C=C,441,912,-5.011575207,-1.44579531,3.565779897,
442,c1scc2c1c(ccc2OC),442,910,-5.284478188,-1.333548347,3.950929841,
443,c1c(OCC)c(ccc1)C=C,443,272,-5.821113913,-0.964208218,4.856905695,
444,c1c(OCC)c(OCC)c(OCC)cc1,444,1,-5.818447197,-0.015211164,5.803236033,
445,c1[nH]c2nc3[nH]c(nc3nc2n1)C=C,445,823,-6.145446411,-2.054350726,4.091095685,
446,C#Cc1[nH]c(cc1)C#CC=C,446,277,-5.514795351,-1.535075865,3.979719486,
447,c1sc(c2c1C[C@H](N)[C@@H](N(=O)=O)C2),447,661,-6.51870498,-1.893504229,4.625200751,
448,c1sc2c(c1)C(=S)c1c2oc(c1)C=C,448,681,-5.511421139,-3.212957078,2.298464061,
449,c1c2CCc2sc1,449,281,-6.124901815,-0.310563538,5.814338277,
450,c1sc(c(c1)C(=O)C(F)(F)F)C=C,450,54,-6.63364587,-2.675831549,3.957814321,
451,c(s1)c(CCN)c(CCN)c1C=C,451,941,-5.95151087,-1.334446323,4.617064547,
452,c1sc(c2c1[C@H](C(F)(F)F)CC[C@H]2OC),452,824,-6.675388135,-0.778381669,5.897006466,
453,c1sc(c2c1c(C#N)ccc2OC)C=C,453,239,-5.615722378,-2.336315098,3.27940728,
454,c1c(C(=O)c2cscc2C(=O)c2ccccc2)ccc(c1)C=C,454,350,-6.410811838,-2.091494266,4.319317572,
455,C1C2CC(=C)O[C@H](C1C=CC2C)CCCC=C,455,873,-6.196358913,0.141199877,6.33755879,
456,c1c2n(CCC)c3c(c2ccc1)cccc3,456,137,-5.540129151,-0.945350728,4.594778423,
457,c1cc(c2c1[nH]cnc2)C=C,457,688,-5.06918171,-1.752712522,3.316469188,
458,c1scc2c1C=C(C2=O)C=C,458,818,-6.083975892,-2.49844053,3.585535362,
459,c1sc(c(c1C#N)C#N),459,675,-7.892335697,-2.235034322,5.657301375,
460,c1sc(c(c1O)S),460,744,-6.091431812,-0.776340815,5.315090997,
461,c1sc(c2c1OCCCC2),461,901,-6.107132781,-0.228575634,5.878557147,
462,c1sc(c(c1O)C(F)(F)F),462,940,-6.453696981,-1.041787877,5.411909104,
463,c1sc(c2c1S(=O)(=O)CCC2)C=C,463,426,-6.467003348,-1.756413271,4.710590077,
464,C1S[C@@H]2[C@@H]1NCC2,464,676,-6.066968777,0.244467083,6.31143586,
465,c1oc(c(c1N(=O)=O)N(=O)=O)C=C,465,914,-7.394421773,-3.115213783,4.27920799,
466,c1sc(c2c1C[C@H](C(F)(F)F)[C@@H](C#N)C2),466,886,-6.614162519,-0.812450323,5.801712196,
467,c1ccc(s1)C=C,467,324,-5.988953736,-1.268676405,4.720277331,
468,c1cc(c2c(c1)c1c(s2)cccc1)C=C,468,668,-5.937877966,-1.447346359,4.490531607,
469,c1sc2c(c1)[nH]c(c2),469,549,-5.477787867,-0.19921455,5.278573317,
470,c1c(c2c(s1)[C@H]1[C@H](C2(CC)CC)CCS1)C=C,470,446,-5.796514821,-0.93400358,4.862511241,
471,c1oc(cc1C(=O)C(F)(F)F),471,825,-7.307100439,-2.197319343,5.109781096,
472,C#CC#CC=C,472,985,-6.578216279,-1.73575983,4.842456449,
473,c1c2CCc2sc1C=C,473,51,-5.672403693,-1.184402746,4.488000947,
474,c(s1)c2c(=O)n(CC)c(=O)c2c1C=C,474,512,-6.623931406,-2.220775557,4.403155849,duplicate
475,c1occ(OC)c1NC=C,475,361,-5.080746548,0.21159573,5.292342278,
476,c1c2c(SCC2)c2c(CCS2)c1C=C,476,561,-5.308424207,-1.133136496,4.175287711,
477,c1sc(c2c1[C@H](OC)CC[C@H]2OC)C=C,477,488,-6.096982934,-1.194797495,4.902185439,
478,c1sc(c2c1CC[C@@H](C(=O)O)C2)C=C,478,339,-6.30397994,-1.624492476,4.679487464,
479,c1sc(c2c1C[C@H](S)CC2),479,129,-6.278183547,-0.540907912,5.737275635,
480,c1[nH]c(cc1),480,628,-5.7448404,1.051638398,6.796478798,
481,c1[nH]c2cc([nH]c2c1),481,130,-4.889749837,0.701319027,5.591068864,
482,c1sc(OC)c(C(=O)C)c1C=C,482,43,-5.923591989,-1.081598133,4.841993856,
483,c1csc2c1c(CC)c1c(c2CC)scc1C=C,483,116,-5.371364141,-1.162116621,4.20924752,
484,c1scc2c1C=C(C2=O),484,620,-6.603849404,-2.424697676,4.179151728,
485,c1sc(c(c1OCC)OCC)C=C,485,768,-5.549108908,-0.947527639,4.601581269,
486,c(s1)c(O)c(NN)c1C=C,486,553,-5.368071563,-0.977296894,4.390774669,
487,c1sc(c2c1C[C@H](C(F)(F)F)CC2),487,831,-6.323789829,-0.516472088,5.807317741,
488,c1sc(c(c1OCC)OCC)C=CC=C,488,795,-5.203497106,-1.328976834,3.874520272,
489,N1CN[C@@H]2[C@H]1N(CN2),489,743,-6.021716243,0.95188146,6.973597703,
490,C1=C(CC)C(CC)=C(S1(=O)=O)C=C,490,684,-6.515738939,-2.317375974,4.198362965,
491,c1c(OCC)cc(c(c1)OCC)C=CC=C,491,689,-5.324832672,-1.401903346,3.922929326,
492,c1sc(c2c1cc1C(=O)N(CC)C(=O)c1c2),492,820,-6.277911434,-2.377213809,3.900697625,
493,C1=C(c2cscc12),493,406,-5.525843173,-1.45069336,4.075149813,
494,c1c(C)cc(c(c1)C),494,507,-6.338211863,-0.215786283,6.12242558,
495,c1c(OCC)cc(c(c1)OCC)C=C,495,669,-5.398004087,-0.864342435,4.533661652,duplicate
496,c1c(c2c(s1)c(CC)c1c(c2CC)scc1)C=C,496,515,-5.366003498,-1.301302856,4.064700642,
497,C/C=C\1/OCCC(OCC1)C=C,497,115,-5.615178151,0.064164446,5.679342597,
498,c1sc(c2c1oc(=O)o2),498,717,-7.042741833,-1.212865854,5.829875979,
499,c1sc(cc1)c1ccc(s1)c1sc(cc1),499,938,-5.389677403,-1.784141672,3.605535731,
500,c1c(F)c(F)c(c2c1nn(CC)n2)C=C,500,131,-6.239488958,-1.996118362,4.243370596,
501,c1sc(c2c1cc(C=C)c(C)c2),501,539,-5.471420403,-1.709582477,3.761837926,
502,c1scc(C(=O)O)c1SC=C,502,538,-7.071858015,-1.538749402,5.533108613,
503,c1n(CC)nc(c1CC)CC,503,848,-6.189420009,0.485804857,6.675224866,
504,c1c2c(nccc2)c(s1)C=C,504,805,-5.632103632,-2.199360197,3.432743435,
505,Nc1sc(c2c1nccn2),505,680,-5.283362521,-2.055466393,3.227896128,
506,c1sc(c2c1cc(N(=O)=O)cc2),506,799,-6.310156925,-2.692865876,3.617291049,
507,c1scc2c1sc1c2csc1,507,363,-5.729928561,-1.272159462,4.457769099,
508,c1sc(CC)c2c1c(c[nH]2),508,955,-5.019656989,-0.559493288,4.460163701,
509,c1sc(c2c1OCO2)C=C,509,902,-5.791970519,-1.087448581,4.704521938,
510,C1=CC(C#N)=C/C/1=C/1\C(=CC(=C1)C#N)C=C,510,208,-6.693102747,-4.259180411,2.433922336,
511,c1sc(c2c1cc(S)c(O)c2),511,93,-5.457542597,-1.746862075,3.710680522,
512,c1scc2c1N(CCN2C(=O)O),512,852,-5.538305988,-0.243324205,5.294981783,
513,c1sccc1O,513,405,-5.911537345,-0.370972812,5.540564533,
514,C=Cc1csc(c1)C=C,514,135,-5.914312906,-1.279996341,4.634316565,
515,c1csc2c1cc(c1c2scc1)C=C,515,394,-5.81537231,-1.332976908,4.482395402,
516,N1c2cscc2N(C1),516,896,-4.94011811,0.232439651,5.172557761,
517,C=NNc1ccc(cc1),517,61,-5.554932144,-0.563683841,4.991248303,
518,c1sc2C3=C([CH]S3)Cc2c1,518,693,-4.777992678,-0.606133602,4.171859076,
519,C(=[N])/N=C(\C1=CSC=[S]1)C=C,519,963,-4.636030882,-2.875726383,1.760304499,
520,c1sc(c2c1c(C(F)(F)F)ccc2)C=C,520,920,-5.732568066,-2.328614276,3.40395379,
521,C1OCC1C=C,521,437,-6.832479461,-0.071021715,6.761457746,
522,c1c2ccccc2c(c1=O),522,34,-5.783235665,-3.520772266,2.262463399,
523,c1cc2c(cc1)c1c(C2(C)C)cc(cc1)C=C,523,384,-5.737275635,-1.457060824,4.280214811,
524,c1scc2c1CCC[C@H]2C(=O)OC=C,524,598,-6.3110549,-0.514131909,5.796922991,
525,c1c(OC)c(ccc1)C=C,525,887,-5.845468102,-1.003501458,4.841966644,
526,C1=CC2=C(C1)N=C(C2),526,576,-5.612239321,-1.273247918,4.338991403,
527,c1sc(c2c1C(=O)CCC2=O),527,536,-6.989815689,-2.011928176,4.977887513,
528,c1sc(c2c1c(C(F)(F)F)ccc2C#N),528,298,-6.548855194,-2.857685235,3.691169959,
529,c1sc(c2c1CC[C@@H](C(=O)O)C2),529,905,-6.289258581,-0.513832584,5.775425997,
530,c1scc2c1nc(c(NC)n2)N(C),530,734,-5.552537542,-1.357222252,4.19531529,
531,c1sc(c2c1[C@H](C)CC[C@H]2C)C=C,531,120,-5.734989879,-1.137517529,4.59747235,
532,c1sc(c(n1)C(=O)OC)C=C,532,835,-6.63756431,-2.092365031,4.545199279,
533,c1sc(c2c1scc2),533,391,-5.697955184,-1.081271596,4.616683588,
534,C1S=C(/C(=N/N)/C1=S)C=C,534,728,-4.457496985,-2.634715146,1.822781839,
535,c1c2[nH]cnc2c(c2c1[nH]cn2)C=C,535,528,-5.367799449,-1.242934435,4.124865014,
536,c1c(N)ccc(c1),536,540,-5.533108613,-0.031075402,5.502033211,
537,c1c(OCC)c(ccc1),537,399,-6.052002515,-0.199078493,5.852924022,
538,c1sc(c2c1[C@H](F)CC[C@H]2F),538,765,-6.680367818,-0.886002697,5.794365121,
539,c1scc2c1sc1c2csc1C=C,539,473,-5.619559184,-1.490476405,4.129082779,
540,c1cc2c(cc1)c1c(C2(C)C)cc(cc1),540,18d,-5.983266556,-1.058522878,4.924743678,duplicate
541,c1[nH]c(cc1)C=C,541,308,-5.386221557,-0.539193595,4.847027962,duplicate
542,c1sc(C(=O)O)c(c1)C=C,542,815,-6.649836644,-2.080664135,4.569172509,
543,c1nc2cscc2nc1C=C,543,369,-6.291108955,-2.430711392,3.860397563,
544,c1sc(c2c1cc(C=O)cc2),544,727,-6.065254459,-2.269456725,3.795797734,
545,c1c(CC)c(CC)c(CC)cc1,545,639,-6.40455322,-0.123077095,6.281476125,
546,c1cnc(cc1)C=C,546,430,-6.596339061,-1.40748168,5.188857381,
547,c1c(OC)cc(c(c1)OCC)C=CC=C,547,889,-5.317730501,-1.409957916,3.907772585,
548,c1sc(c(c1N(=O)=O)C#N)C=C,548,29,-7.190145906,-2.877114164,4.313031742,
549,c(s1)cc(c(=O)2)c1c(s3)c2cc3C=C,549,484,-5.640267048,-2.705764072,2.934502976,duplicate
550,c1sc(c2c1C[C@H](C(=O)OC)CC2),550,356,-6.190426831,-0.500743908,5.689682923,
551,c1sc(c2c1nc(CN)c(CN)n2),551,621,-6.371409753,-2.252313552,4.119096201,
552,c1sc(c2c1sc(=S)s2)C=C,552,932,-6.229828916,-2.221700744,4.008128172,
553,C1=CC2=C(C1)N=C(C2)C=C,553,656,-5.393704688,-1.821584538,3.57212015,
554,c1c2c(=O)oc(=O)c2c(c2c1c(=O)oc2=O)C=C,554,908,-7.823191568,-3.998794667,3.824396901,
555,c1sc(c2c1SCC(=O)CS2)C=C,555,69,-6.027893228,-1.668901457,4.358991771,
556,c1c2nonc2c(cc1)C=C,556,21,-6.54444695,-2.76682642,3.77762053,21
557,c1sc(c2c1oc(C#N)c2),557,508,-6.515085866,-2.172774673,4.342311193,
558,c1[nH]cc(c1C)C=CC=C,558,270,-5.198843959,-0.92298297,4.275860989,
559,c1sc(c2c1OCSS2)C=C,559,134,-5.888897473,-1.508054959,4.380842514,
560,c1sc(c2c1nc(OCC)c(CN)n2),560,232,-6.080737737,-1.923518386,4.157219351,
561,c1cnc(c2c1nccn2)C=C,561,83,-6.624067463,-2.644048651,3.980018812,
562,c1c2cccc(c2cs1),562,409,-5.596456718,-1.588845562,4.007611156,duplicate
563,c1n(CC)c(=O)c2c1c(=O)n(CC)c2C=C,563,897,-5.468617631,-2.557897406,2.910720225,
564,c1sc(c2c1SCC(=O)CO2)C=C,564,87,-5.943347454,-1.409087152,4.534260302,
565,c1c(ncc2c1non2)C=C,565,700,-6.922766836,-3.05483172,3.867935116,
566,c1nc2c(c(=O)c3c2ncc3)c1,566,894,-7.362067437,-4.084619376,3.277448061,
567,c1oc(cc1C(=O)C(F)(F)F)C=C,567,150,-6.584665377,-2.194244456,4.390420921,
568,c1c2c(cccc2)c(s1)C=C,568,255,-5.365078311,-1.940144543,3.424933768,
569,c(s1)cc(c(CC)c(CC)2)c1c(s3)c2cc3,569,340,-5.795208674,-1.092292207,4.702916467,duplicate
570,c1oc(nn1)C=C,570,283,-7.168975448,-1.706915761,5.462059687,
571,c1sc2c(c1)C(C)(C)c1c2sc(c1),571,1d,-5.368343677,-1.198307763,4.170035913,duplicate
572,c1cc(c2c(c1)c1c(s2)cccc1),572,227,-5.983457036,-1.230580466,4.75287657,
573,c1oc(cc1C(=O)OC),573,830,-6.766546275,-0.931418499,5.835127776,
574,c1scc(OC)c1N,574,182,-5.470141468,-0.074096601,5.396044867,
575,c(s1)cc(c(=S)2)c1c(s3)c2cc3,575,811,-5.8342298,-3.190943068,2.643286732,
576,c1c(C(F)(F)F)sc(OC)c1,576,733,-6.314918917,-0.826627455,5.488291462,
577,N1C(=O)C(c2c1cc(cc2)C)C1C(=O)N(c2c1ccc(C)c2)C=C,577,623,-5.740921961,-0.875607948,4.865314013,
578,c1sc(c2c1CC[C@@H](C)C2),578,781,-6.152085989,-0.335489166,5.816596823,
579,c1sc(c2c1C[C@H](C)[C@@H](C)C2),579,624,-6.146861403,-0.325366531,5.821494872,
580,c1sc(c2c1[C@H](C(F)(F)F)CC[C@H]2OC)C=C,580,171,-6.215869476,-1.370419774,4.845449702,
581,c1sc(c2c1cc(C(F)(F)F)c(OC)c2)C=C,581,695,-5.515911018,-2.121154676,3.394756342,
582,C1=C2C(C(=O)S1)=CN(C2=O)C=C,582,49,-6.277122303,-2.944081383,3.33304092,
583,c1c(c2c(s1)nc1c(c2CC)CCS1)C=C,583,254,-5.669247173,-1.259016363,4.41023081,
584,C1=C/C(/C(=C1)F)=C\1/C=C(C=C1F),584,745,-6.174997975,-3.311571138,2.863426837,
585,c1sc(c2c1CCC2),585,431,-6.2293119,-0.408823849,5.820488051,
586,c1sc(c2c1C(=O)c1ccccc1C2=O),586,70,-7.237901887,-2.779996731,4.457905156,
587,c1c(C)cc(s1)C=C,587,574,-5.87194478,-1.181681607,4.690263173,
588,c1oc2c(c1)C(=S)c1c2oc(c1),588,235,-5.720214097,-3.160248626,2.559965471,
589,c1sc(c2c1[C@H](S)CCC2),589,925,-6.086452128,-0.637834866,5.448617262,
590,C1=C/C(/C(=C1)OC)=C\1/C=C(C=C1OC),590,640,-5.309839199,-2.597898142,2.711941057,
591,c1c(C)cc(c(c1)C)C=CC=C,591,104,-5.749194222,-1.486340274,4.262853948,
592,c1n(CC)c(=O)c2c1c(=O)n(CC)c2,592,460,-5.633328144,-2.306056037,3.327272107,
593,c1sc(c2c1OCCCO2)C=C,593,238,-5.614035272,-1.035937429,4.578097843,
594,c1sc(c2c1C[C@H](C#N)[C@@H](C#N)C2)C=C,594,269,-6.258047122,-1.577743317,4.680303805,
595,c1c2c(=O)n(c(=O)c2cc2c1c(=O)oc2=O)C=C,595,964,-7.259670995,-3.807253728,3.452417267,
596,c1scc2c1C(=C[S@@]2[O])C=C,596,977,-6.173446926,-2.061207995,4.112238931,
597,c1cc2c(cc1)c1c(C2)cc(cc1)C=C,597,188,-5.749439124,-1.43281548,4.316623644,
598,c1sc(c2c1[nH]c(=O)[nH]2)C=C,598,900,-5.835672004,-1.355453512,4.480218492,
599,c1c2nonc2c(cc1),599,22a,-7.07430704,-2.64108261,4.43322443,duplicate
600,c1sc(c2c1sc(C#N)c2)C=C,600,895,-6.020491731,-2.505188953,3.515302778,
601,c1sc(c2c1ncnc2),601,186,-6.485779204,-2.3618938,4.123885404,
602,c1sc(c2c1sc(C(=O)OCC)c2),602,139,-5.905197092,-1.921885703,3.983311389,
603,c1sc(c2c1CC[C@@H](OC)C2)C=C,603,903,-5.696676249,-1.050060138,4.646616111,
604,c1c(C#N)sc(OC)c1C=C,604,113,-6.065009557,-1.468027012,4.596982545,
605,c1sc2c(n1)Cc1c2sc(c1),605,694,-5.681519507,-1.456924767,4.22459474,
606,c1cc2c(s1)c1c(C2)cc(s1)C=C,606,353,-5.238654216,-1.614260995,3.624393221,
607,c1oc2c(c1)C(=O)c1c2oc(c1),607,199,-5.798419618,-2.518413686,3.280005932,
608,c1sc(c(c1)C(F)(F)F),608,290,-7.169546887,-1.056128277,6.11341861,
609,c1sc(c2c1CN2)C=C,609,951,-5.438086457,-1.000181669,4.437904788,
610,c1oc(c(c1C#N)C#N)C=C,610,213,-7.110362125,-2.45286146,4.657500665,
611,c1sc(C(=O)OC)cc1C=C,611,8,-6.358021751,-1.598668872,4.759352879,8
612,c1cc(C)cc(c1C)C=C,612,153,-6.135487044,-0.969378381,5.166108663,
613,c1sc(c2c1cc(C)cc2)C=C,613,867,-5.326519778,-1.798019479,3.528500299,
614,c1sc(c2c1cc(OC)cc2),614,660,-5.248776851,-1.504190943,3.744585908,
615,c1[nH]c(cc1)C(C(=O)N)=C,615,841,-5.442004896,-1.240213296,4.2017916,
616,c1sc(c2c1[C@H](C(=O)O)CC[C@H]2O)C=C,616,147,-6.472554471,-1.785883201,4.68667127,
617,c1sc(cc1)C#C,617,158,-6.262455367,-1.265465462,4.996989905,
618,c1sc(c2c1[nH]c(=S)[nH]2),618,226,-5.614906037,-1.126252016,4.488654021,
619,N1c2cscc2N(CC1)C=C,619,720,-4.969043813,-0.206616047,4.762427766,
620,c1sc(c2c1C[C@H](C(F)(F)F)[C@@H](C(F)(F)F)C2),620,461,-6.491139847,-0.671413715,5.819726132,
621,c1c(C)sc(C)c1,621,355,-5.889768237,-0.205473169,5.684295068,
622,c1sc(c(c1N(=O)=O)N(=O)=O),622,444,-8.131904731,-2.950476058,5.181428673,
623,c1cnc(cc1)C=CC=C,623,513,-5.984382223,-1.73575983,4.248622393,
624,C1=C(CC2=C1C[CH]2),624,432,-4.491647273,-0.112355809,4.379291464,
625,c1scc2c1C[C@@H]([C@@H](OC)C2)NC=C,625,375,-5.390194419,-0.485505532,4.904688887,
626,c1sc(c2c1[C@H](C(F)(F)F)CCC2),626,586,-6.460826364,-0.649590184,5.81123618,
627,c1sc(c2c1[C@H](N(=O)=O)CC[C@H]2N(=O)=O)C=C,627,949,-6.609182835,-2.191360049,4.417822786,
628,C1=[S]c2cscc2[S]=C1,628,826,-5.152911141,-0.763143294,4.389767847,
629,c1sc(c2c1C[C@H](C)[C@@H](C)C2)C=C,629,463,-5.732486432,-1.063556985,4.668929447,
630,c1scc(C(=O)OC)c1,630,604,-6.872589042,-1.247995753,5.624593289,
631,N(CC)c1cscc1N(CC),631,545,-5.009180606,0.272875769,5.282056375,
632,c1sc(c2c1cc1C(=O)N(CC)C(=O)c1c2)C=C,632,947,-5.951211545,-2.592700768,3.358510777,
633,c1sc(c2c1[C@H](C(F)(F)F)CC[C@H]2C#N)C=C,633,415,-6.414703066,-1.630560615,4.784142451,
634,c1sc(cc1)S,634,875,-6.531766445,-0.914982822,5.616783623,
635,c1csc2c1c(C)c(C)c1c2scc1,635,807,-5.769820452,-1.081108328,4.688712124,
636,c1sc2c(c1F)c(OCC)c1c(c2OCC)c(F)c(s1),636,395,-5.455474532,-1.495619357,3.959855175,
637,c1c(S)sc(O)c1,637,440,-5.931918673,-0.607113212,5.324805461,
638,c1csc2c1c(CC)c1c(n2)scc1,638,172,-5.90062558,-1.431618179,4.469007401,
639,c1sc(C)c(c1)C=C,639,189,-5.909714182,-0.791932939,5.117781243,
640,C1=CC(=[S]C1)c1ccc(s1)C1=[S]CC(=C1)C=C,640,439,-4.432571356,-2.273184684,2.159386672,
641,c1c(O)sc2c1[nH]c1c2sc(c1),641,33,-4.931546524,-0.446919788,4.484626736,
642,c1sc(c2c1cc(N(=O)=O)c(N)c2)C=C,642,993,-5.320642119,-2.773738112,2.546904007,
643,c1ccc(c2c1nc(CC)c(CC)n2),643,924,-6.574270628,-1.881721699,4.692548929,
644,c1c(OCC)c(cc(c1)OC)C=C,644,798,-5.420453479,-0.961242177,4.459211302,duplicate
645,c1sc(c2c1cc(N(=O)=O)c(N(=O)=O)c2)C=C,645,746,-6.519276419,-3.117662808,3.401613611,
646,c1sc(c2c1[C@H](C(=O)OC)CCC2),646,492,-6.232359575,-0.457777131,5.774582444,
647,c1oc(cc1O)C=C,647,664,-5.606280028,-1.035774161,4.570505867,
648,c1sc(C(=O)O)cc1OC=C,648,262,-6.513099434,-1.977777888,4.535321546,
649,c1sc(c2c1sc(C(=O)CC)c2)C=C,649,764,-5.730744903,-2.360315539,3.370429364,
650,c1sc(c2c1sc(C(=O)CC)c2F)C=C,650,971,-5.812923286,-2.445133426,3.36778986,
651,c1sc(c2c1c(F)c(F)c(F)c2F),651,161,-6.055295092,-2.10139921,3.953895882,
652,c1sc2c(c1)C(=O)C(=C2)C=C,652,248,-5.833114133,-2.877059741,2.956054392,
653,c1oc(c(c1C)C)C=C,653,713,-5.592211742,-0.792558801,4.799652941,
654,N1CN[C@@H]2C[C@H]3[C@@H](C[C@H]12)N(CN3)C=C,654,657,-5.179278973,0.851770775,6.031049748,
655,c1c2c(OCN2)c(s1)C=C,655,682,-5.462250167,-0.917404636,4.544845531,
656,c1sc(c2c1CC[C@@H](N(=O)=O)C2)C=C,656,654,-5.997198785,-1.913695076,4.083503709,
657,c1sc(c2c1ncnc2C#N),657,418,-6.964509101,-3.215705428,3.748803673,
658,c1c2c(=O)n(c(=O)c2cc2c1c(=O)sc2=O)C=C,658,936,-7.162499139,-3.793076596,3.369422543,
659,c1sc(c2c1cc(C(C)(C)C)cc2),659,293,-5.497380065,-1.464870491,4.032509574,
660,c1sc(c2c1[C@H](C)CC[C@H]2C),660,352,-6.148439663,-0.367408121,5.781031542,
661,C1=CC(OC)=C(/C/1=C\1/C=C(OC)C=C1),661,204,-5.342438438,-2.472535291,2.869903147,
662,c1sc(c(c1CC)CC)C=CC=C,662,128,-5.434195229,-1.571838446,3.862356783,
663,c1c2c(ncs2)c(c2c1ncs2),663,11a,-6.371627444,-1.751624067,4.620003377,duplicate
664,C(=S)[CH]C1=[S]C=C(O1),664,287,-5.36820762,-2.083602965,3.284604655,
665,c1sc(cc1)SC=C,665,633,-5.920598736,-0.891499397,5.029099339,
666,c1cc2c(s1)c1c(c(=O)[nH]c2=O)cc(s1)C=C,666,344,-6.176766715,-2.70532869,3.471438025,
667,C1=CC(=C2[C@H]1CCS2)C=C,667,691,-5.159550719,-1.023746728,4.135803991,
668,c1sc(c(c1OC)OC)C=C,668,749,-5.659206172,-0.955636632,4.70356954,
669,c1cnc2c1c(=S)c1c2ncc1,669,474,-6.24955717,-4.064918333,2.184638837,
670,c1sc(N(=O)=O)cc1,670,736,-7.549091286,-2.727206644,4.821884642,
671,N1C(=S)C=C(C1=S)C=C,671,149,-6.373205704,-3.678244551,2.694961153,
672,c1sc(c2c1[nH]c(C#N)c2),672,816,-5.887019887,-1.813774871,4.073245016,
673,c1sc(c2c1scn2),673,111,-6.212658532,-1.378419921,4.834238611,duplicate
674,c1c(OC)c(cc(c1)OC)C=C,674,307,-5.483447836,-1.012454004,4.470993832,
675,c1sc(c2c1cc(C#N)cc2)C=C,675,769,-5.933524144,-2.481025243,3.452498901,
676,c1sc(c2c1ncs2)C=C,676,642,-5.868080763,-1.698153695,4.169927068,
677,c1sc(C(F)(F)F)cc1,677,381,-7.141464738,-1.232566897,5.908897841,
678,c1sc(c2c1OCCO2)C=C,678,84,-5.563748633,-0.991201912,4.572546721,
679,c1cc2c(s1)c1c(C2)cc(s1),679,17,-5.410739015,-1.174361745,4.23637727,
680,c1sc(c2c1SCC(=O)CO2),680,190,-6.018423666,-1.215859107,4.802564559,
681,c1sc(NC)c(c1C(=O)OC)C=C,681,357,-5.278001878,-0.968779731,4.309222147,
682,c1sc(c(c1)N(=O)=O)C=C,682,709,-6.741593435,-2.634388609,4.107204826,
683,c1cc2c(s1)c1c(c(=O)n(c2=O)CC)cc(s1)C=C,683,783,-6.048546669,-2.462548713,3.585997956,
684,c1sc(c2c1SC(=O)CC(=O)O2)C=C,684,808,-6.509942914,-1.977832311,4.532110603,
685,C1=CC(=[S]C1)c1ccc(s1)C1=[S]CC(=C1),685,817,-4.4016048,-2.006159363,2.395445437,
686,N1CN[C@@H]2[C@H]1N(CN2)C=C,686,919,-5.304913938,0.897186576,6.202100514,
687,c1sc(c(c1OCC)OCC),687,560,-5.824433702,-0.09292688,5.731506822,
688,c1cnc(c2c1nsn2),688,17a,-7.244949635,-2.948271936,4.296677699,duplicate
689,c1cc(CN)ccc1CN,689,65,-6.047703116,-0.045878395,6.001824721,
690,c1sc(c2c1C[C@H](C(F)(F)F)[C@@H](OC)C2)C=C,690,245,-5.876380236,-1.191151169,4.685229067,
691,c1cc2c(cs1)c1c(ccs1)c2,691,410,-5.219524612,-1.802618203,3.416906409,
692,c1nc2c(s1)c1c(c(c2CC)CC)N(CS1)C=C,692,132,-5.350629065,-1.198933625,4.15169544,
693,c1sc(c2c1[C@H](C(F)(F)F)CC[C@H]2C(F)(F)F),693,509,-6.78472348,-0.947663696,5.837059784,
694,c1cc(c2c1[nH]cnc2),694,970,-5.354030488,-1.580301187,3.773729301,
695,C/C=C\1/OCCC(OCC1),695,475,-5.543748265,0.815144251,6.358892516,
696,c1c2c(ncc(CC)n2)c(s1)C=C,696,529,-5.820460839,-2.482222544,3.338238295,
697,C1=C[C@@H]2[C@H](C1)[C@@H]1[C@@H](C=CC1)C2=CC=C,697,944,-5.916190492,-0.845648213,5.070542279,
698,c1sc(c2c1[nH]c(=O)[nH]2),698,456,-5.939429015,-0.561942313,5.377486702,
699,c1sc(c2c1nccn2),699,703,-6.429560482,-2.420289432,4.00927105,duplicate
700,c1scc(N(=O)=O)c1NC=C,700,748,-5.707261478,-2.631041609,3.076219869,
701,c1oc(cc1C(=O)C)C=C,701,4,-6.213583719,-1.402692477,4.810891242,
702,c(s1)c2C(NCC)OC(O)c2c1C=C,702,485,-6.129935922,-1.477986379,4.651949543,
703,c1sccc1/C=C(/Cc1sc(CC)cc1),703,510,-5.875890431,-1.083965523,4.791924908,
704,C1S=C(/C(=N/N)/C1=S),704,898,-4.575349494,-2.491311147,2.084038347,
705,c1sc(c2c1cc(C(F)(F)F)cc2)C=C,705,600,-5.791535137,-2.235932298,3.555602839,
706,c1sc(c2c1scc2)C=C,706,763,-5.492101056,-1.659948911,3.832152145,
707,c1oc(cc1C(F)(F)F)C=C,707,581,-6.390103974,-1.398692403,4.991411571,
708,c1sc(c2c1CC(=O)C(=O)C2),708,480,-6.620774885,-2.556945008,4.063829877,
709,c1sc(C(=O)O)c(c1),709,792,-7.205030534,-1.851952444,5.35307809,
710,c1cccc2c1N(C)C(=O)C2C1C(=O)N(C)c2cc(ccc12),710,52,-5.876298602,-0.765891644,5.110406958,
711,c1scc2c1C[C@@H]([C@@H](OC)C2)N,711,723,-6.178453821,-0.36817004,5.810283781,
712,c1c2c(=O)n(c(=O)c2cc2c1c(=O)[nH]c2=O)C=C,712,236,-7.034551206,-3.502839963,3.531711243,
713,c1coc(N(=O)=O)c1C=C,713,438,-7.086470529,-2.738472157,4.347998372,
714,c1csc2c1c(C)c(C)c1c2scc1C=C,714,827,-5.639069747,-1.171803874,4.467265873,
715,c1oc(c(c1C#N)C#N),715,554,-7.881886525,-1.79725756,6.084628965,
716,C1=C2C(C(=O)S1)=C(OC2=O)C=C,716,990,-6.481017212,-3.302917917,3.178099295,
717,c1sc(c(c1N(=O)=O)N(=O)=O)C=C,717,79,-7.226391471,-2.898692792,4.327698679,
718,c1sc(c2c1[C@H](OC)CC[C@H]2OC),718,1718,-6.1923,-0.3877,5.8046,duplicate
719,c1c(CC)c(CC)c(CC)cc1C=C,719,300,-5.940027665,-0.949758972,4.990268693,
720,c1c2c(C=C)c3c(cc2ccc1)c(ccc3)C=C,720,454,-5.349867146,-2.075167435,3.274699711,
721,c1oc(c(c1F)F),721,25,-6.789948066,-0.240630278,6.549317788,
722,c1sc(N(=O)=O)cc1C=C,722,191,-6.847772259,-2.734336027,4.113436232,
723,C1=C2C(C(=O)S1)=CN(C2=O),723,653,-6.289693963,-2.857358699,3.432335265,
724,c1oc(c(c1C#N)C(F)(F)F),724,229,-7.739462136,-1.572681999,6.166780137,
725,c1csc2c1c(CC)c1c(n2)scc1C=C,725,865,-5.807725911,-1.516354432,4.291371479,
726,c1oc(cc1C#N),726,573,-7.201384208,-1.127367683,6.074016525,
727,c1occ(C)c1C=CC=C,727,701,-5.664213066,-1.331616339,4.332596728,
728,c1coc(N(=O)=O)c1,728,525,-7.535512805,-2.607013956,4.928498849,
729,c1sc(c2c1c(F)c(F)c(F)c2F)C=C,729,856,-5.790365048,-2.33675048,3.453614568,
730,c1sc(c2c1sc(=S)o2),730,237,-6.397940853,-1.848387752,4.549553101,
731,c1n(C)c(=O)c2c1c(=O)n(C)c2C=C,731,589,-5.548646314,-2.643177887,2.905468427,
732,c1cc(SC)sc1,732,558,-6.244305373,-0.867226842,5.377078531,
733,c1c(cc2c(c1)nccn2)C=C,733,211,-6.478513764,-2.280803872,4.197709892,
734,c1sc(c(c1C(=O)O)OC),734,388,-6.74268189,-1.323561769,5.419120121,
735,c1c(CC)cc(s1),735,244,-6.349259685,-0.35402012,5.995239566,
736,C(=C)N=N,736,40,-6.405015813,-1.97328801,4.431727803,
737,c1c(C)sc(C)c1C=C,737,649,-5.734309594,-0.712339638,5.021969957,
738,c1c(c2c(s1)c(CC)c1c(c2CC)scc1),738,882,-5.396153712,-1.220104083,4.176049629,
739,c1c(F)c(F)c(c(c1F)F),739,7u,-7.019993115,-1.134769179,5.885223936,duplicate
740,c1cc2c(s1)c1c(c(=O)n(c2=O)CC)cc(s1),740,256,-6.348824303,-2.370601443,3.97822286,
741,c1sc(c2c1sc(=O)s2),741,333,-6.5990602,-1.254716965,5.344343235,
742,c1sc(c2c1[C@H](S)CC[C@H]2O)C=C,742,317,-5.996273598,-1.423454763,4.572818835,
743,c1sc(c2c1[C@H](C(=O)C(F)(F)F)CCC2)C=C,743,751,-5.999348485,-1.785148493,4.214199991,
744,c1sc(c2c1nc(OCC)c(CN)n2)C=C,744,797,-5.730581635,-2.19903366,3.531547975,
745,c(s1)c2c(=O)n(CC)c(=O)c2c1,745,495,-7.4047621,-1.909803848,5.494958251,duplicate
746,c(oc1c(F)s2)csc1c2C=C,746,318,-5.494550081,-1.508680821,3.985869259,
747,c1sccc1S,747,779,-6.181800822,-0.642705703,5.539095118,
748,c1scc2c1C=C(S2(=O)=O)C=C,748,110,-6.48708535,-2.23813642,4.24894893,
749,c1sc(c2c1c(C#N)ccc2C#N),749,42,-6.662680418,-3.181337449,3.481342969,
750,c1c2nccnc2c(s1)C=C,750,601,-5.931102331,-2.59452393,3.336578401,
751,c1sc(c2c1C[C@H](S)CC2)C=C,751,354,-5.893659465,-1.23988676,4.653772705,
752,c1[nH]c2[nH]c(nc2n1),752,995,-5.719697081,0.339598085,6.059295166,
753,c1occc1NC=C,753,494,-5.152584605,0.263351785,5.415936389,
754,c1c2c(OCC)c3c(ccs3)c(OCC)c2sc1C=C,754,91,-5.151822686,-1.606614596,3.54520809,
755,C1=C(Cc2cscc2C1)C=C,755,535,-6.147079094,-0.76444944,5.382629654,
756,c1sc(OC)c(C(=O)C)c1,756,803,-6.167895804,-1.01846772,5.149428084,
757,c1oc(c(c1O)S)C=C,757,753,-5.788677942,-1.306445808,4.482232134,
758,N1[C@H]2[C@H](N[C@@H]3[C@@H](CSC3)N2)N(S1),758,11,-5.587776286,-0.135784811,5.451991474,
759,c1sc(c2c1C=[S]C=C2),759,257,-4.173083588,-0.938792784,3.234290804,
760,c1scc2c1c1c(s2)cc(s1)C=C,760,859,-5.523203669,-1.773828557,3.749375112,
761,c1sc(c2c1cccc2F)C=C,761,530,-5.452318011,-1.986295052,3.466022959,
762,c1c(C)cc(c(c1)C)C=C,762,153,-6.135487044,-0.969378381,5.166108663,duplicate
763,c1scc(n1)C=C,763,899,-6.303816672,-1.097353525,5.206463147,
764,c1c(C)c(c2c1ccco2)C=C,764,260,-5.138380262,-1.97426762,3.164112642,
765,c1sc(c2c1C[C@H](N(=O)=O)[C@@H](N(=O)=O)C2)C=C,765,978,-6.233230339,-2.466113404,3.767116935,
766,c1sc(c2c1cc[nH]2)C=C,766,555,-5.139876888,-1.227151832,3.912725056,
767,C1C(=O)Oc2c1cc1c(c2)C(C(=O)O1)C=C,767,983,-6.635088074,-1.461387434,5.17370064,
768,N(CC)c1ccc(c(c1)C=C)N(CC),768,194,-4.614806002,-0.730979437,3.883826565,
769,c1sc(c2c1CCS(=O)(=O)C2)C=C,769,646,-6.342211936,-1.658234594,4.683977343,
770,c1sc(c2c1cc(C#N)c(C#N)c2),770,571,-6.700994048,-2.909822249,3.791171799,
771,c1sc(c2c1sc(C(=O)CC)c2),771,766,-5.980871954,-2.09805221,3.882819744,
772,C1=CC2=C(C1)C=C(C2),772,479,-5.219062018,-0.912207261,4.306854757,
773,c1sc(c2c1C[C@H](C(=O)OC)CC2)C=C,773,840,-5.71909843,-1.08782954,4.63126889,
774,c1sc(c(c1CC)CC),774,9,-6.223325395,-0.279977941,5.943347454,
775,C1=C(C=C/C/1=C\1/C=CC(=C1)N)NC=C,775,857,-4.623432011,-2.269674416,2.353757595,
776,c1sc(c2c1OCC[C@@H](SC)O2),776,699,-5.823753417,-0.258453735,5.565299682,
777,c1sc(c2c1C[C@H](C(F)(F)F)[C@@H](C(F)(F)F)C2)C=C,777,877,-6.021362495,-1.324051574,4.697310921,
778,c1c2nc(C)c(C)nc2c(s1),778,37u,-6.154997607,-2.126705799,4.028291809,duplicate
779,c1sc(c2c1C[C@H](N)[C@@H](N(=O)=O)C2)C=C,779,973,-6.057553637,-1.926375582,4.131178056,
780,c1c(C(F)(F)F)sc(C#N)c1C=C,780,38,-7.089354936,-2.545380169,4.543974767,
781,C1=Cc2cc3=CC(=Cc3cc2=C1)C=C,781,370,-5.290736807,-3.262454588,2.028282219,
782,c1sc(c2c1C[C@H](C(=O)C)CC2),782,731,-6.398158544,-0.691876676,5.706281868,
783,c1oc(cc1O),783,845,-5.868135186,0.288957698,6.157092884,
784,c1sc(c2c1cc(C(F)(F)F)c(C#N)c2),784,881,-6.577563206,-2.67251176,3.905051446,
785,c1c2nsnc2c(c2c1nc(CC)c(CC)n2)C=C,785,393,-5.884815765,-3.153962796,2.730852969,
786,c1ccc(c2c1cccn2)C=C,786,26,-6.013226291,-1.864769006,4.148457285,
787,c1sc2c(c3ccoc3cc2c1)C=C,787,893,-5.588266091,-1.554395948,4.033870143,
788,c1sc(c2c1[nH]c(=S)[nH]2)C=C,788,665,-5.658525887,-1.680792832,3.977733055,
789,c1cc2occoccoccoccoc2cc1C=C,789,32,-5.657627911,-1.370256506,4.287371406,
790,Nc1sc(N(=O)=O)cc1,790,836,-6.194889498,-2.17701965,4.017869848,
791,c1sc(c2c1cc(C#N)c(C#N)c2)C=C,791,271,-6.38256642,-3.007429487,3.375136933,
792,c1sc(c2c1cc(C(=O)O)c(O)c2),792,869,-5.948844154,-2.15974042,3.789103734,
793,c1ccc(c2c1nn(CC)n2),793,2,-6.332007667,-1.447781742,4.884225925,2
794,c1sc(c2c1c(S)ccc2),794,692,-5.595558742,-1.782019184,3.813539558,
795,C1=CC(OC)=C(/C/1=C\1/C=C(OC)C=C1)C=C,795,718,-5.170054314,-2.497950725,2.672103589,
796,c1sc(C(=O)OC)cc1,796,789,-6.874738742,-1.569307787,5.305430955,
797,C1=C(CC2=C1C[CH]2)C=C,797,224,-4.523539017,-0.650379314,3.873159702,
798,C1C([CH2])CCC1,798,523,-5.554496762,1.351235747,6.905732509,
799,c1scc2c1c1c(s2)sc(c1),799,960,-5.617110159,-1.021542606,4.595567553,
800,c1sc(c2c1oc(=S)o2),800,770,-6.642571205,-1.725609983,4.916961222,
801,c1oc(cc1)C=C,801,782,-5.845604159,-0.98801818,4.857585979,
802,c1c2nsnc2c(cc1),802,3a,-6.785594244,-2.500780709,4.284813535,duplicate
803,Sc1cscc1S,803,425,-5.876924463,-0.621535246,5.255389217,
804,c1oc(c(c1OC)OC),804,697,-5.689710134,0.535329578,6.225039712,
805,c1ccc(OCC)c2c1c(OCC)ccc2,805,557,-5.268124146,-0.697019628,4.571104518,
806,c1sc(c2c1cc(C#N)c(OC)c2)C=C,806,514,-5.65387274,-2.369023182,3.284849558,
807,c1scc2c1[C@@H](CCC2)NC=C,807,801,-5.278954277,-0.605181204,4.673773073,
808,c1sc(c2c1sc(C(=O)CC)c2F),808,66,-6.070397411,-2.198217318,3.872180093,
809,c1cc(C)cc(c1C),809,507,-6.338211863,-0.215786283,6.12242558,duplicate
810,c1sc(c2c1C[C@H](OC)[C@@H](OC)C2)C=C,810,136,-5.690254362,-1.013787361,4.676467001,
811,c1sc(c2c1CCCC2),811,968,-6.15388194,-0.340577695,5.813304245,
812,C(=C)c1sc(C)c(c1)C=C,812,30,-5.688730524,-1.204756862,4.483973663,
813,c1scc2c1c(c(cc2)N),813,855,-5.028146941,-1.281873927,3.746273014,
814,c1c2nccnc2c(s1),814,703,-6.429560482,-2.420289432,4.00927105,duplicate
815,c1sc(c(c1O)C#N)C=C,815,233,-6.308333762,-2.198897603,4.109436159,
816,c1c2c(SCC2)c2c(CCS2)c1,816,112,-5.363064668,-0.320114734,5.042949934,
817,C1=CC2=CC(=NC2=C1),817,266,-5.961769562,-3.19491593,2.766853632,
818,c1oc(cc1),818,1818,-6.371,0.2223,6.5933,duplicate
819,c1ccc(c2c1nn(CC)n2)C=C,819,784,-5.923455932,-1.761909971,4.161545961,
820,c(s1)c2c(=O)N(CC)c(=O)c2c1,820,495,-7.4047621,-1.909803848,5.494958251,
821,c1sc(c2c1nco2)C=C,821,72,-5.956871513,-1.648520129,4.308351384,
822,c1sc(c2c1cc(C)c(OC)c2),822,759,-5.303988751,-1.28075826,4.023230491,
823,N1C(=S)C=C(C1=S),823,5,-6.447057403,-3.677918015,2.769139388,5
824,c1scc2c1C[C@@H](CC2)C(=C),824,707,-6.201365807,-0.398075352,5.803290455,
825,c1sc(c2c1oc(N(=O)=O)c2),825,631,-6.719089619,-2.909522924,3.809566696,
826,C1=CC(N(=O)=O)C(C2C=CC=C2N(=O)=O)=C1C=C,826,98,-6.516772971,-2.967945767,3.548827204,
827,c1c(C)cc(CC)c(C)c1,827,666,-6.240740682,-0.068436633,6.172304048,
828,c1scc2c1CCC[C@H]2C(=O)O,828,616,-6.35780406,-0.596283081,5.761520979,
829,C1=C(CC)C(CC)=C(S1(=O)=O),829,470,-6.931039097,-2.222136126,4.708902972,
830,c1c(ncc2c1non2),830,593,-7.596303039,-3.130914752,4.465388287,
831,c1sc2c(c1)C(=O)C(=C2),831,400,-6.257285204,-2.806174083,3.45111112,
832,c1ccc2c(c1)C(=O)c1c2ccc(c1)C=C,832,868,-6.132548215,-2.490032212,3.642516003,
833,c1c(sc(OC)c1)NC=C,833,715,-4.763380164,-0.027429076,4.735951088,
834,C(=C)c1sc(C)c(c1),834,774,-5.759398491,-1.133190919,4.626207572,
835,c1csc2c1c(CC)c1c(c2CC)scc1,835,659,-5.402085794,-1.024971241,4.377114554,
836,c(s1)c2ncsc2c1,836,111,-6.212658532,-1.378419921,4.834238611,duplicate
837,c1sc(c2c1cccc2F),837,587,-5.703560729,-1.708766136,3.994794594,
838,c1[nH]c(c(c1)C(=O)C)C=C,838,368,-5.853958054,-1.445332717,4.408625337,
839,c(s1)c2C(NCC)OC(O)c2c1,839,847,-6.343490871,-0.870764322,5.47272655,
840,c1oc2cc(sc2c1)C=C,840,275,-5.655587057,-1.423400341,4.232186717,
841,c1oc(cc1OC)C=C,841,417,-5.51830562,-0.951119542,4.567186078,
842,c1sc(c2c1c(C=C)ccc2)C=C,842,278,-5.349731089,-2.062187605,3.287543485,
843,c1oc(nn1),843,487,-7.821939844,-0.744857243,7.077082601,
844,c1sc(c(c1)OC),844,4u,-5.934503754,-0.26993694,5.664566814,duplicate
845,c1sc(c2c1c(C(=O)OC)ccc2)C=C,845,933,-5.497543333,-2.293511589,3.204031744,
846,c1oc2cc(oc2c1),846,945,-5.826392921,-0.384823407,5.441569514,
847,c1c(OCC)c(cc(c1)OCC),847,843,-5.428208724,-0.204384713,5.223824011,
848,c1sccc1NC=C,848,566,-5.152775084,-0.37878248,4.773992605,
849,c1c(OCC)c(OCC)c(OCC)cc1C=C,849,62,-5.546224501,-0.873811997,4.672412504,
850,c1sc(c2c1cc(S)cc2),850,258,-5.478250461,-1.649227625,3.829022836,
851,c1sc(c2c1c(C(=O)O)ccc2O)C=C,851,861,-5.700839591,-2.422983359,3.277856232,
852,C=Cc1csc(c1),852,994,-6.121772506,-0.84853262,5.273239886,
853,c1sc(c2c1C[C@H](C#N)[C@@H](OC)C2),853,565,-6.430567304,-0.607031578,5.823535726,
854,c1sc(c(c1O)S)C=C,854,605,-5.843209557,-1.543402549,4.299807009,
855,c1[nH]c2[nH]c(nc2n1)C=C,855,251,-5.414194861,-0.892669487,4.521525374,
856,c1cc2c(C=C/C/2=C\2/C=Cc3c2cccc3)c(c1),856,27,-5.877550325,-2.803589002,3.073961324,
857,c1sc(c2c1[C@H](C(=O)OC)CCC2)C=C,857,7,-5.78982082,-1.17996729,4.60985353,7
858,n1c(C)c2c(c1=O)c(C)n(c2=O),858,790,-6.73049119,-2.126896278,4.603594911,
859,c(cc1)c2cC(C)cc2c1,859,326,-5.145564067,-1.894810375,3.250753692,
860,c1scc2c1C=C(S2(=O)=O),860,542,-7.009190195,-1.969151879,5.040038316,
861,C=C=C1CC2=C(C1)C(=CC2)C=C,861,791,-5.620130623,-1.034413591,4.585717031,
862,c1sc(c2c1ncnc2)C=C,862,588,-6.109826708,-2.578550847,3.531275861,
863,C#CC#C,863,92,-7.300923454,-0.925377571,6.375545883,
864,C1C(=O)O[C@H]2[C@@H]1CC[C@H]1[C@@H]2OC(=O)C1C=C,864,412,-7.450885397,-0.435082836,7.015802562,
865,Nc1sc(c2c1nccn2)C=C,865,467,-4.96703017,-2.210598499,2.756431671,
866,c1c2c(cccc2)c(s1),866,409,-5.596456718,-1.588845562,4.007611156,
867,c1c(C(=O)C(F)(F)F)scc1,867,334,-7.381686845,-2.561326041,4.820360805,
868,c1sc(c2c1CCC2)C=C,868,821,-5.781847884,-1.111911616,4.669936268,
869,c1scc2c1[C@@H](CCC2)N,869,534,-6.05564884,-0.36817004,5.687478801,
870,c1sc(c2c1c(N(=O)=O)ccc2N),870,103,-5.685220256,-2.288069312,3.397150944,
871,c1sc(c2c1sc(N(=O)=O)c2),871,976,-6.4312748,-2.889713035,3.541561764,
872,C1=C([CH]S1)C(=C),872,871,-5.704377071,-0.921676823,4.782700248,
873,c1sc(c2c1CCCC2)C=C,873,457,-5.730989805,-1.088237711,4.642752094,
874,c1cnc(c2c1nccn2),874,146,-7.046551427,-2.552700032,4.493851395,
875,c1c(CC)sc(c1)C=C,875,644,-5.742146473,-1.170715419,4.571431054,
876,c1sc(c2c1cc(C=C)c(C)c2)C=C,876,3,-5.261266877,-1.922946947,3.338319929,3
877,c1sc(c2c1C(=O)CC2=O),877,175,-6.964726792,-2.270028164,4.694698629,
878,c1sc(c2c1ccc(F)c2),878,617,-5.737194001,-1.747868896,3.989325105,
879,c1csc2c1n(CC)c1c2scc1C=C,879,567,-5.288423839,-1.05501261,4.233411229,
880,c1sc(c2c1nc(CCO)c(CN)n2),880,451,-6.312143356,-2.2471706,4.064972756,
881,C1=C(N(=O)=O)C=C/C/1=C\1/C=CC(N(=O)=O)=C1C=C,881,174,-6.958631442,-4.488028159,2.470603283,
882,c1sc(cc1)C#CC=C,882,819,-5.891564189,-1.652166455,4.239397734,
883,c1oc2cc(oc2c1)C=C,883,814,-5.52695884,-1.242009248,4.284949592,
884,c1c2nc(CC)c(CC)nc2c(s1),884,722,-6.159514697,-2.146243573,4.013271124,
885,c1c2c(=O)sc(=O)c2c(c2c1c(=O)oc2=O),885,177,-8.246682353,-4.053788876,4.192893477,
886,C1=C(Cc2cscc2C1),886,829,-6.238318868,-0.413340939,5.824977929,
887,c1scc(n1),887,907,-7.032347084,-0.922275473,6.110071611,
888,c1csc2c1cc1c(ccs1)c2C=C,888,519,-5.512482383,-1.586423748,3.926058635,
889,c1sc(c2c1[C@H](C)CCC2),889,207,-6.149337639,-0.354836461,5.794501178,
890,c1sc(c2c1[C@H](C(=O)C(F)(F)F)CCC2),890,466,-6.537480835,-1.737909529,4.799571307,
891,C1=c2ccccc2=C(C1=C),891,73,-5.143142254,-2.698743535,2.444398719,
892,c1sc(c2c1CCC[C@H]2C=O),892,838,-6.264713912,-0.814654446,5.450059466,
893,C1=C(c2c3c(cccc13)ccc2),893,853,-6.064029947,-2.181536739,3.882493208,
894,c1n(CC)c(cc1),894,387,-5.67175062,0.895200145,6.566950766,
895,c1scc2c1C(=C[S@@]2[O]),895,429,-6.209610857,-1.711650542,4.497960315,
896,c1scc(N(O)O)c1N(O)OC=C,896,786,-6.032110992,-0.626787043,5.405323949,
897,c1cnc2c1c(=S)c1c2ncc1C=C,897,331,-6.227924119,-3.971283957,2.256640162,
898,c1c(c2c(s1)[C@H]1[C@H](C2(CC)CC)CCS1),898,59,-5.764432598,-0.474784246,5.289648351,
899,c1c([CH2])c(c2c1ccsc2)C=C,899,547,-4.884253137,-1.553280281,3.330972855,
900,c1sc(c2c1cc(C(=O)OC)s2)C=C,900,223,-5.667206319,-2.083466908,3.583739411,
901,c1sc(c2c1SCCS2),901,36u,-5.667668912,-0.578813371,5.088855541,duplicate
902,C1=CC2=C(C1)C=C(C2)C=C,902,572,-5.045045211,-1.452734214,3.592310997,
903,c1sc(c2c1C[C@H](C(=O)C(F)(F)F)CC2),903,851,-6.38452564,-1.745936888,4.638588753,
904,c1c2cscc2c(nn1),904,124,-6.32302791,-2.360016214,3.963011696,
905,c1c(oc2cscc2s1)C=C,905,641,-5.238055565,-1.057788171,4.180267394,
906,c1sc(C=O)c(c1),906,464,-7.060973461,-2.061616166,4.999357296,
907,c1sc(c2c1[C@H](C(=O)C)CCC2)C=C,907,396,-5.904407962,-1.320350825,4.584057137,
908,c1c2cS(F)cc2ccc1C=C,908,247,-5.931347234,-2.740404166,3.190943068,
909,c1cc(cc2c1ccc1c2cccc1),909,332,-5.989987768,-1.283588244,4.706399524,
910,c1scc2c1C(=[S@@](OC)C(=C2)OC),910,133,-5.408235567,-1.466475963,3.941759604,
911,c1c2C(=O)OCc2ccc1C=C,911,36,-6.692041503,-1.60511797,5.086923533,
912,c1sc2c(c1)oc1c2sc(c1)C=C,912,311,-5.456263662,-1.655676723,3.800586939,
913,c1sc(c2c1[nH]c(N(=O)=O)c2)C=C,913,44,-5.782990762,-2.840269949,2.942720813,
914,c1ccc2c(c1)oc1c2ccc(c1),914,373,-6.258536927,-1.231668922,5.026868006,
915,c1sc(c2c1cc(F)c(F)c2),915,19,-5.897958864,-1.853612338,4.044346526,19
916,c1sc(c2c1C[C@H](S)[C@@H](O)C2)C=C,916,981,-6.050152141,-1.410638201,4.63951394,
917,c1oc(cc1OC),917,442,-5.7680245,0.265202159,6.033226659,
918,c1sc(c2c1c(N(=O)=O)ccc2),918,599,-6.286238117,-2.838283518,3.4479546,
919,c1sc(c(c1C=C)OC),919,839,-5.89414927,-0.980807163,4.913342107,
920,c1sccc1N(CC)C=C,920,316,-5.143550425,-0.373612317,4.769938108,
921,c1c(CC)c(ccc1),921,323,-6.663959353,-0.207786136,6.456173217,
922,c1oc2c(c1)C(=O)c1c2oc(c1)C=C,922,342,-5.546360558,-2.58037401,2.965986548,
923,c1c2c(OCC)c3c(c(c2sc1)OCC)cc(s3)C=C,923,91,-5.151822686,-1.606614596,3.54520809,duplicate
924,c1scc2c1C=C(C2),924,592,-5.889795449,-0.717455378,5.17234007,
925,c(s1)c2c(=O)N(CC)c(=O)c2c1C=C,925,512,-6.623931406,-2.220775557,4.403155849,
926,c1scc2c1c(c(cc2)N)C=C,926,822,-5.028881648,-1.506558333,3.522323315,
927,c1c2cccc(c2cs1)C=C,927,382,-5.491774519,-1.800278024,3.691496495,duplicate
928,c(s1)cc(c(=C(CN)(CN))2)c1c(s3)c2cc3,928,629,-5.261076397,-1.770563191,3.490513206,
929,c1c(OCC)cc(OCC)c(c1),929,185,-5.78255538,0.055728917,5.838284297,
930,c1sc(c(c1)C(=O)C)C=C,930,448,-6.248523138,-2.031819699,4.216703439,
931,C1=CC=C(S1(=O)=O),931,575,-7.404816523,-2.613490266,4.791326257,
932,N1C(=O)C(c2c1cc(cc2)C)C1C(=O)N(c2c1ccc(C)c2),932,455,-5.840542842,-0.710598109,5.129944732,
933,C1=[S]C(=O)C2=C1C(=O)[S]=C2C=C,933,879,-6.436118426,-3.342020678,3.094097748,
934,N1c2cscc2N(CC(=O)C1),934,780,-5.314465134,-0.807389006,4.507076129,
935,c1oc(c(c1)N(=O)=O)C=C,935,362,-6.753811347,-2.652021587,4.10178976,
936,C#Cc1sc(cc1)C#CC=C,936,563,-5.847617802,-2.070432654,3.777185147,
937,c1scc2c1C[C@H](C)[C@H](C2)C(=C)C=C,937,12,-6.161120169,-0.897431479,5.26368869,12
938,c1oc(c(c1OC)C#N),938,956,-6.51949411,-1.094768443,5.424725667,
939,C1=CC2=CC(=NC2=C1)C=C,939,961,-5.632158055,-3.195949963,2.436208092,
940,c1sc(c2c1c(C=C)ccc2C)C=C,940,543,-5.230245898,-2.003764761,3.226481137,
941,c1sc(c2c1sc(N(=O)=O)c2)C=C,941,377,-6.132167255,-3.015320789,3.116846466,
942,c1sc(c2c1occ2)C=C,942,828,-5.578061821,-1.577770528,4.000291293,
943,c1sc(c(c1C)C),943,962,-6.19532488,-0.239868359,5.955456521,
944,c1cc(CC)c(c(c1)CC)/C=C(/C),944,165,-6.41320644,-0.158914489,6.254291951,
945,c1sc(c2c1c(C)ccc2)C=C,945,913,-5.333213779,-1.823053953,3.510159826,
946,c1sc(c2c1cc(C(F)(F)F)cc2),946,240,-6.050424254,-2.042513773,4.007910481,
947,c1scc2c1c(ccc2O)C=C,947,876,-5.197238488,-1.590260554,3.606977934,
948,c1c(C(=O)C)scc1,948,299,-6.902303875,-1.835625613,5.066678262,
