index,SMILES,new name,old name,homo,lumo,bandgap
0,C1=C2C(OCCO2)=C([Si]1(C)C),0dc,34u,-5.557843762,-0.91925501,4.638588753
1,C1=CC=C(S1)C2=CC=C(S2),1dc,15d,-5.666906994,-1.439319001,4.227587993
2,C1=CC2=C(C=C1)C3=C(N2C)C=C(C=C3),2dc,12d,-5.565435739,-0.942901703,4.622534035
3,C1=C2C(C(=N1)OC)=C(N=C2OC),4dc,26a,-6.034342326,-2.817929402,3.216412924
4,C1=Cc2c(C3=CC(=C(S3)C)Cl)c4c(c(c2S1)C5=CC(=C(S5)C)Cl)C=C(S4),5dc,17d,-5.427854976,-1.863843819,3.564011157
5,C1=CC=C(C=C1)/C(/C2=CC=CC=C2)=C(\C3=CC=CC=C3)/C4=CC=C(C=C4),6dc,23u,-5.492726918,-1.573797666,3.918929252
6,C1=C2C(C(=C(S2)C)F)=C(S1),7dc,20a,-5.677818759,-1.127530951,4.550287808
7,C1=C2C(N=C(C(=N2)C)C)=C(C3C1=NSN=3),10dc,14a,-6.329640276,-3.077634861,3.252005416
8,C1=CC2C(S1)=C(C3=CC=C(C=C3)C)C4=C(C=2C5=CC=C(C=C5)C)SC(=C4),11dc,11d,-5.285621066,-1.346038373,3.939582693
9,C1=CC2=C(S1)C1=C([Si]2(C)C)C=C(S1),13dc,5d,-5.468481574,-1.426611284,4.04187029
10,C1=CC2=C(S1)C3=C([Ge]2(C)C)C=C(S3),14dc,16d,-5.440208945,-1.365140765,4.07506818
11,C1=C(OC)C=C(C(=C1)OC),16dc,15u,-5.505080887,-0.231215139,5.273865748
12,C1=CC(SC)=C(S1),17dc,50u,-5.64209021,-0.439001275,5.203088935
13,C1=CC2=C(S1)C=C1C(=C2)SC(=C1),19dc,62u,-5.605327629,-1.317330362,4.287997268
14,C1=CC(C2=C(C=CC=C2OC)OC)=C(S1),21dc,11u,-5.285621066,-1.346038373,3.939582693
15,C1=Cc2c(S1)c(OC)c3c(c2OC)SC(=C3),22dc,52u,-4.812551137,-0.996970725,3.815580412
16,C1=CC(=C(C#N)C#N)C=C(S1),23dc,41u,-6.442377045,-2.894855987,3.547521058
17,C1=C2C(OCCS2)=C(S1),24dc,35u,-5.692676175,-0.415898809,5.276777366
18,C1=CC2=C(S1)C=C(S2),25dc,9d,-6.010940535,-0.92004414,5.090896395
19,C1=CC=C([Se]1),28dc,64u,-6.524310525,-0.634896036,5.889414489
20,C1=CC(Cl)=C(S1)C2=C(Cl)C=C(S2),29dc,53u,-5.855971697,-1.640057388,4.215914309
21,C1=Cc2c(C3=CC=C(S3)C)c4c(c(c2S1)C5=CC=C(S5)C)C=C(S4),30dc,6d,-5.197728293,-1.605362872,3.59236542
22,C1=CC2=C(c3c(N=C2S1)sc(c3F)F),31dc,28u,-6.21143402,-1.747542359,4.463891661
23,C1=C2C(N=S=N2)=C(C3=CSC=C13),32dc,39u,-5.359744879,-3.060056306,2.299688573
24,C1=C2OCC(C)OC2=C(S1),34dc,7d,-5.853549884,-0.195813127,5.657736757
25,C1=C(F)c2c(S1)c3c(s2)C(F)=C(S3),35dc,30u,-6.10397626,-1.610968418,4.493007843
26,C1=CC=C(C=C1)/C(/C2=CC=CC=C2)=C(/C3=CC=CC=C3)\C4=CC=C(C=C4),36dc,19u,-5.492726918,-1.573797666,3.918929252
27,C1=CC=C(c2c1nn(n2)C),37dc,21a,-6.344089522,-1.46367319,4.880416331
28,C1=Cc2c(S1)c(SC)c3c(c2SC)SC(=C3),38dc,14d,-5.71849978,-1.64911878,4.069381
29,C1=CC2=C(S1)C3=C([Si]2(C4=CC=CC=C4)C5=CC=CC=C5)C=C(S3),39dc,44u,-5.515829384,-1.52732062,3.988508764
30,N1(C2=C(SC3C=CC=CC1=3)C=CC=C2)C,41dc,19d,-4.78294515,-0.73419038,4.04875477
31,C1=CC=C([SiH2]1),42dc,55u,-6.49552088,-1.618451549,4.877069331
32,c1sc(c2c1cc(C)c(C)c2)C=C,43,862,-5.233511264,-1.717854738,3.515656526
33,C1=C(OC)C=C(C(=C1)OC),43dc,2d,-5.505080887,-0.231215139,5.273865748
34,C1=[S]c2cscc2[S]=C1C=C,44,280,-5.475719802,-1.360841366,4.114878436
35,C1=NN=C(C=C1),44dc,58u,-6.327245675,-1.601281165,4.72596451
36,c1c2c(OCC)c3c(c(c2sc1)OCC)cc(s3),45,864,-5.026296567,-1.058985472,3.967311095
37,C1=CC2=C(S1)C3=C([Si]2(C)C)C=C(S3),45dc,43u,-5.468481574,-1.426611284,4.04187029
38,C1=CC(C2=CC(=CC(=C2)OC)OC)=C(S1),46dc,10u,-5.768187769,-0.928615726,4.839572043
39,c1sc(c2c1CC[C@@H](C=O)C2)C=C,47,883,-5.893632254,-1.296105481,4.597526773
40,C=C1C=C/C(/S1)=C/2\C=CC(S2)=C,47dc,24u,-4.968417951,-2.284450198,2.683967753
41,c1sc(c2c1[C@H](C)CC[C@H]2C=C),48,787,-6.181936878,-0.410891914,5.771044964
42,C1=CC2=C(S1)C3=C(C2=C(C#N)C#N)C=C(S3),48dc,38u,-6.220604257,-3.572337841,2.648266416
43,c(s1)cc(c(=C(CN)(CN))2)c1c(s3)c2cc3C=C,49,647,-5.066623839,-1.887762626,3.178861213
44,C1=C(F)C(OC)=C(C(=C1OC)F),49dc,8u,-5.676512613,-0.342128744,5.334383868
45,c1cc(SC)sc1C=C,50,403,-5.32597555,-1.162524792,4.163450758
46,C1=CC=C(C2=C[Si]C=C12),50dc,56u,-5.502278114,-3.568256133,1.934021981
47,c1scc2c1c(ccc2OC)C=C,51,950,-5.175061209,-1.546586281,3.628474928
48,C1=CC=C2C(=C1)N(C)C(=O)/C/2=C\3/C(=O)N(C)C4=C3C=CC(=C4),51dc,42u,-5.807834757,-2.855290633,2.952544123
49,c1oc2c(C(=O)N)c(oc2c1),52,163,-6.155106453,-0.991093066,5.164013386
50,C1=C2C(SC(=N2)C)=C(S1),52dc,9a,-6.055757686,-1.188157917,4.867599769
51,C1=CC2=C(S1)C1=C(CO2)C=C(S1),53dc,63u,-5.323635371,-1.339453218,3.984182153
52,c1[nH]c(cc1)C#CC=C,54,954,-5.474087119,-1.163014597,4.311072522
53,c1sc(c2c1cc(C(=O)OC)s2),55,952,-5.914748289,-1.927572883,3.987175406
54,C1=CC(Cl)=C(S1)C2=C(Cl)C=C(S2),56dc,54u,-5.855971697,-1.640057388,4.215914309
55,C1=C(OC)C(OC)=C(C2C1=NSN=2),57dc,1a,-6.389478112,-2.157509086,4.231969026
56,c1c(c2c(s1)c1c(n2CC)CCS1),58,926,-4.795462387,-0.274508452,4.520953935
57,C1=Cc2c(S1)c3c(s2)C=C(N3C),58dc,13d,-5.26447782,-0.698842791,4.565635029
58,c1[nH]c2cc([nH]c2c1)C=C,59,367,-4.836606002,-0.607521383,4.229084619
59,C(\C1=CC=C(C=C1)C(=O)O)=C(/C2=CC=C(C=C2)C(=O)O),59dc,27u,-6.525535037,-2.750417955,3.775117082
60,c1sc(c(c1OCC)ON(=O)=O)C=C,60,421,-6.094860446,-1.896579115,4.198281331
61,C1=C2C(N(C1=O)C)=C(C(=O)N2C),60dc,19a,-6.432880271,-2.509379507,3.923500765
62,C1=C(OC)C(OC)=C(C=C1),61dc,14u,-5.566524194,0.139676039,5.706200234
63,c1oc2c(n1)cc1c(c2)oc(n1)C=C,62,870,-6.378185387,-1.919790427,4.458394961
64,C1=C2C(C(=O)N1C)=C(N(C2=O)C),62dc,17u,-5.655804748,-2.325920349,3.3298844
65,c1sc(CC)c2c1nc(s2),63,800,-5.957524586,-1.28821418,4.669310406
66,c1c(OC)c(ccc1),63,989,-6.080247932,-0.221636731,5.858611201
67,c1oc(c(c1C(F)(F)F)OC)C=C,64,966,-5.760133199,-1.121109064,4.639024135
68,c1sc(c2c1C[C@H](F)[C@@H](F)C2)C=C,65,193,-6.122398368,-1.460625515,4.661772853
69,c1c2n(CC)c3c(c2ccc1)cccc3C=C,65,686,-5.526006442,-1.158524719,4.367481723
70,C1=CC=C(C1=S),66,205,-6.300088712,-3.524554649,2.775534064
71,C1=C(c2cscc12)C=C,66,923,-5.368289254,-1.92515107,3.443138184
72,c1sc(c(c1OC)C#N),67,329,-6.442948484,-1.486721234,4.95622725
73,C1=C(Oc2c(csc2)O1),67,892,-5.4733252,-0.454947147,5.018378054
74,c1oc(cc1C),68,472,-6.129500539,0.261964004,6.391464543
75,c1oc(c(c1C(F)(F)F)OC),68,866,-6.482459415,-0.324196441,6.158262974
76,c1sc(c2c1CC[C@@H](O)C2)C=C,69,478,-5.946912146,-1.265247771,4.681664375
77,N1c2cscc2N(CC(=O)C1)C=C,69,516,-5.383473207,-1.202988122,4.180485085
78,c1cc2c(cc1)c1c(C2(CC)CC)cc(cc1)C=C,70,41,-5.742799546,-1.503184122,4.239615425
79,c1occ(C)c1C=C,71,609,-5.964735603,-0.748993374,5.215742229
80,c1c(C)c(c2c1ccco2),72,6,-5.385323581,-1.79450921,3.590814371
81,c1oc(c(c1F)F)C=C,72,806,-6.169365219,-1.27466291,4.894702309
82,c1c2c(sc(C(=O)OCC)c2F)c(s1)C=C,73,201,-5.765412207,-2.16937325,3.596038957
83,c1sc(c2c1CC(=O)C(=O)C2)C=C,74,15,-6.293530769,-2.416071667,3.877459102
84,c1c2cscc2c(N)c(c1),74,552,-5.017643346,-1.297738164,3.719905182
85,c(s1)c2c(=O)c3cn(CC)cc3c(=O)c2c1C=C,75,56,-6.236087535,-2.240422177,3.995665358
86,c1sc(c(c1SCC)SCC)C=CC=C,76,264,-5.484890039,-1.800169178,3.684720861
87,C(=[N])/N=C(\C1=CSC=[S]1),76,772,-4.163450758,-3.478893944,0.684556814
88,c1c(OC)cc(c(c1)OCC(CC)CC)C=C,77,217,-5.480345738,-0.992725749,4.487619989
89,c1[nH]c(C=C)c(c1),78,308,-5.386221557,-0.539193595,4.847027962
90,c1sc(c2c1ocn2)C=C,79,170,-5.877822439,-1.735106756,4.142715683
91,c1sc(c2c1cc[nH]2),79,832,-5.214898677,-0.616827676,4.598071001
92,c(oc1c(F)s2)csc1c2,80,445,-5.446113815,-0.67506004,4.771053775
93,c1sc(c2c1[C@H](S)CCC2)C=C,81,359,-5.82459697,-1.271941771,4.552655199
94,Nc1cscc1N,81,761,-5.228667637,0.224385081,5.453052718
95,c1sc(c2c1c(F)ccc2F)C=C,82,253,-5.563530942,-2.107385715,3.456145227
96,c1sc(c(c1OC)C(F)(F)F),82,276,-6.411845871,-0.86994798,5.541897891
97,c1sc2c(c1)sc1cc(sc21)C=C,83,559,-5.555095412,-1.701419062,3.853676351
98,N(CC)c1cscc1N(CC)C=C,84,102,-5.247008111,-0.31159757,4.935410541
99,C(=C)C#CC=C,84,959,-6.209692491,-1.587974797,4.621717694
100,c1c2c(ncc(C)n2)c(s1)C=C,85,327,-5.831100491,-2.433432531,3.39766796
101,c1sc2c(c1)C(=S)c1c2oc(c1),85,533,-5.774528021,-3.166969838,2.607558184
102,c1sc(c(c1O)C(=O)O)C=C,86,532,-6.168820991,-2.338655277,3.830165714
103,c1c(OC)c(cc(c1)OC),86,15u,-5.505080887,-0.231215139,5.273865748
104,c(s1)c2ccs(=N)(=O)c2c1,87,420,-6.337722058,-1.896932863,4.440789195
105,c1oc2CCc2c1C=C,87,469,-5.829195694,-0.796558875,5.032636819
106,c1sc2nc(sc2c1),88,288,-6.444200208,-1.290418302,5.153781906
107,c1sc(c2c1sc(=S)o2)C=C,88,596,-6.365831419,-2.047711148,4.318120271
108,c1sc(c2c1c(C(=O)C)ccc2)C=C,89,198,-5.552918502,-2.417024066,3.135894436
109,c1occc1S,90,89,-5.891428132,0.075892553,5.967320685
110,c1sc(c2c1C[C@H](C(=O)C(F)(F)F)CC2)C=C,90,750,-5.881441553,-1.795869779,4.085571774
111,C1=CC=C(C1=O)C=C,91,122,-6.164603226,-3.027212164,3.137391062
112,c1c2[nH]cnc2c(c2c1[nH]cn2),91,424,-5.746119335,-0.835933749,4.910185586
113,C1SC=C1C(=O)CC=C,92,297,-6.341558863,-1.828033636,4.513525227
114,c1sc(c2c1cc(OC)cc2)C=C,92,349,-5.256559307,-1.794427576,3.462131731
115,c1sc(c(c1C=C)OC)C=C,93,482,-5.827889548,-1.330473461,4.497416087
116,c1sc2c(c1CC)sc(c2CC)C=C,93,740,-5.569109276,-1.410774258,4.158335018
117,c1sc(c2c1ccc(F)c2)C=C,94,411,-5.510686432,-1.984934482,3.52575195
118,c1sc(c2c1C[C@H](C(=O)O)[C@@H](O)C2)C=C,94,419,-6.069934818,-1.378447132,4.691487685
119,c1sc(c2c1cc(S)c(O)c2)C=C,95,493,-5.275171894,-1.944335096,3.330836798
120,c1c(CC)c(ccc1)C=C,96,173,-6.258128757,-0.987310684,5.270818073
121,c1sc(c2c1c(C(=O)O)ccc2O),96,958,-5.922666802,-2.132719515,3.789947287
122,c1sc(c2c1c(S)ccc2O),97,159,-5.391037972,-1.596628018,3.794409954
123,c1[nH]c(/C=C/c2[nH]ccc2)c(c1)C=C,98,626,-4.777720564,-1.161164223,3.616556341
124,N1[C@@H]2C[C@@H]3NSN[C@@H]3C[C@@H]2N(S1)C=C,98,804,-5.086107191,0.039755834,5.125863025
125,C=NNc1ccc(cc1)C=C,99,294,-5.371581832,-1.044182479,4.327399353
126,c1sc(c2c1[C@H](C#N)CC[C@H]2OC)C=C,100,568,-6.330946423,-1.509524374,4.821422049
127,c1cccc2c1N(C)C(=O)C2C1C(=O)N(C)c2cc(ccc12)C=C,101,121,-6.003593461,-1.365684993,4.637908468
128,C1SC[C@](C1)(C(=O)N)NC=C,102,796,-5.980246092,0.331353036,6.311599128
129,c(s1)cc(c(CC)c(CC)2)c1c(s3)c2cc3C=C,102,997,-5.57822509,-1.594641587,3.983583503
130,c1cc2c(C(CN)CN)c3cC(ccc3c2cc1)C=C,103,187,-4.689855002,-2.575693652,2.11416135
131,N1N[C@H]2[C@@H](C)[C@@H]3[C@@H](NSN3)[C@H](C)[C@H]2N1,103,335,-6.17823613,0.275488062,6.453724192
132,c1sc(c2c1ocn2),104,215,-6.442431468,-1.287642741,5.154788727
133,c1scc(C)c1C=CC=C,104,304,-5.651532561,-1.468326337,4.183206224
134,c1oc(cc1C(=O)O)C=C,105,850,-6.468227861,-1.534041832,4.934186028
135,c1sc(c2c1c(C)ccc2),106,55,-5.508727212,-1.527592734,3.981134478
136,c1sc(c2c1SCCCS2)C=C,106,754,-5.748432303,-1.433087594,4.31534471
137,c1occ(N(=O)=O)c1NC=C,107,241,-5.77036468,-2.570659546,3.199705134
138,c1sc(c2c1cc(C(F)(F)F)c(C#N)c2)C=C,108,762,-6.215842264,-2.884352393,3.331489871
139,c1[nH]cc(c1C)C=C,109,389,-5.489597609,0.004163342,5.493760951
140,c1sc(c2c1scn2)C=C,109,436,-5.812515115,-1.832605149,3.979909966
141,c1[nH]cnc1,110,167,-6.340035026,0.626242816,6.966277841
142,c1c2c(ncc(CC)n2)c(s1),111,81,-6.285476199,-2.292423134,3.993053065
143,c1sc(c2c1[nH]cn2)C=C,111,986,-5.382330329,-1.372025246,4.010305083
144,C1=CC=C(C1=S)C=C,112,246,-6.038913839,-3.590623892,2.448289947
145,c1scc2c1c(c(cc2)O)C=C,112,286,-5.380044572,-1.714126778,3.665917794
146,C1=C2C(C(=O)N1)=C(OC2=O),113,289,-6.401940927,-2.784404975,3.617535951
147,c1sc(c2c1[C@H](OC)CCC2),113,911,-6.175977585,-0.371789154,5.804188431
148,c1scc2c1nc(c(NC)n2)N(C)C=C,114,398,-5.638471096,-1.70492933,3.933541766
149,N1[C@H]2CSC[C@H]2N(S1)C=C,114,634,-5.042541764,-0.763524253,4.279017511
150,c1c(C(=O)C)scc1C=C,115,24,-6.4371,-1.8596,4.5775
151,c1sc(c2c1[C@H](C(F)(F)F)CC[C@H]2C(F)(F)F)C=C,115,527,-6.377722794,-1.334936128,5.042786666
152,c1sc(c2c1CC[C@@H](N)C2)C=C,116,679,-5.791535137,-1.117952543,4.673582594
153,NCc1cc(OCC)c(cc1OCC)CNC=C,117,608,-5.33166273,-0.237120009,5.094542721
154,c1oc(cc1C(=O)OC)C=C,118,511,-6.155868372,-1.247097777,4.908770595
155,c1sc(c2c1c(C#N)ccc2),118,638,-6.158916047,-2.39903734,3.759878707
156,Sc1cscc1SC=C,119,148,-6.028165342,-0.910601789,5.117563552
157,c1scc2c1c(c(cc2)O),120,564,-5.399908883,-1.461605125,3.938303758
158,c1sc(c2c1C[C@H](C(F)(F)F)CC2)C=C,121,75,-5.873196504,-1.218797936,4.654398567
159,c1scc2c1N(CCN2C(=O)O)C=C,121,106,-5.609436548,-1.069271376,4.540165172
160,c1sc(c2c1[C@H](C)CC[C@H]2C=C)C=C,122,775,-5.706553982,-1.224403482,4.4821505
161,c1sc(c2c1cc(SCC)c(SCC)c2)C=C,122,874,-5.067657872,-1.801556959,3.266100913
162,C1SCN2[C@H]1NCC2,123,234,-5.786364974,0.917459058,6.703824032
163,c1sc(c2c1CC[C@@H](C=O)C2),123,810,-6.235461673,-0.873975265,5.361486408
164,c1[nH]cnc1C=C,124,767,-5.828705889,-0.452552545,5.376153344
165,c1sc(c2c1oc(=S)o2)C=C,124,793,-6.509262629,-2.029234617,4.480028012
166,c1sc(c2c1sc(=O)s2)C=C,125,160,-6.238590982,-1.79627795,4.442313032
167,c1sc(c2c1cc(OC)c(OC)c2)C=C,125,884,-6.195624205,-0.404633296,5.790990909
168,c1sc(c2c1nc(N)c(N)n2)C=C,126,562,-5.291444303,-1.741583066,3.549861237
169,c1ccc(cc1)C=C,127,95,-6.280278824,-1.142932595,5.137346229
170,c1sc(c(c1C(=O)O)OC)C=C,128,476,-6.487847269,-1.871190893,4.616656376
171,c1n(C)c(=O)c2c1c(=O)n(C)c2,128,4a,-5.684104589,-2.35462836,3.329476229
172,c1sc(c2c1[C@H](N)CC[C@H]2N)C=C,129,531,-5.672648596,-0.976290073,4.696358523
173,c1sc(c2c1[nH]nc2)C=C,129,809,-5.480672274,-1.755841832,3.724830442
174,c1sc(c2c1[C@H](OC)CCC2)C=C,131,345,-5.744568287,-1.071693189,4.672875098
175,c1sc(c2c1cc(C=O)cc2)C=C,131,611,-5.76761633,-2.434439352,3.333176978
176,c1c2c(OCN2)c(s1),132,64,-5.381976581,-0.036626524,5.345350057
177,C1C2CC(=C)O[C@H](C1C=CC2C)CCC,132,68,-6.153963575,0.109253711,6.263217286
178,c1occ(N(=O)=O)c1N,133,144,-6.134833971,-2.377241021,3.75759295
179,c1scc2c1C(=[S@@](OC)C(=C2)OC)C=C,134,216,-5.149509718,-1.58253252,3.566977198
180,c1sc(c2c1cc(C=C)cc2),134,285,-5.563286039,-1.720984047,3.842301992
181,c1cc2c(cc1)c1c(C2(CC)CC)cc(cc1),135,380,-5.980817532,-1.078060653,4.902756879
182,c1sc(c2c1[nH]c(N(=O)=O)c2),135,714,-6.06645176,-2.729519612,3.336932149
183,c1sc(CC)c2c1nc(s2)C=C,136,685,-5.8430735,-1.86248325,3.980590251
184,C=CC=C,136,60u,-6.485289399,-0.937677117,5.547612282
185,c1sc(cc1)c1ccc(s1)c1sc(cc1)C=C,137,637,-5.285675489,-1.952308032,3.333367457
186,c1c2c(ncs2)c(c2c1ncs2)C=C,137,935,-6.095703999,-1.963328643,4.132375356
187,C1=Cc2[nH]c(cc2C1),138,379,-5.036936218,-0.207051429,4.829884789
188,c1sc(c2c1[C@H](C=C)CCC2),140,221,-6.175895951,-0.415789964,5.760105987
189,c1oc2CCc2c1,140,776,-5.988899313,0.282073217,6.27097253
190,c1c(CC)sc(c1),141,94,-6.222563476,-0.347271696,5.87529178
191,c(s1)c2cc(OC)c(OC)cc2c1,141,891,-5.374629507,-1.332051721,4.042577786
192,C1C[C@@H]2[C@@H](CC1)N(CC)[C@@H]1[C@@H](S2)CCCC1C=C,142,366,-5.303879906,0.301012341,5.604892247
193,c1cCcc1C=C,143,305,-5.8540669,-0.979228902,4.874837998
194,c1sc2c(c1)sc1cc(sc21),143,61u,-5.762174053,-1.249220265,4.512953788
195,c1c2c(nccc2)c(s1),144,325,-6.035539627,-1.958348959,4.077190668
196,c1sc(c2c1nc(OCC)c(OCC)n2),145,320,-5.940463047,-1.609281312,4.331181736
197,c1sccc1OC=C,145,614,-6.026124488,-0.618052189,5.408072299
198,C#Cc1sc(cc1)C#C,146,181,-6.14522872,-1.838754922,4.306473798
199,c1c2ccccc2c(c1=O)C=C,146,602,-5.425705277,-3.556827351,1.868877925
200,C1=C[C@@H]2[C@H](C1)[C@@H]1[C@@H](C=CC1)C2=C,147,212,-6.451057477,0.005387854,6.456445331
201,c1sc(c2c1CC[C@@H](N)C2),147,312,-6.234073892,-0.425422794,5.808651098
202,c1c(OC)sc(OC)c1,148,156,-5.168231151,0.385775806,5.554006957
203,c1sc(c(c1OC)C#N)C=C,148,738,-6.293830094,-2.008445119,4.285384975
204,c1sc(c2c1CC[C@@H](O)C2),149,374,-6.39826739,-0.591112917,5.807154472
205,c1sc2c(c1)n(C)c1c2sc(c1)C=C,150,85,-5.111304934,-1.374583116,3.736721818
206,c1c(CC)cc(s1)C=C,150,465,-5.853332193,-1.195586625,4.657745568
207,c1sc(c2c1C=[S]C=C2)C=C,151,37,-4.203941299,-1.510340716,2.693600583
208,c1sc2c(c1)n(C)c1c2sc(c1),151,3d,-5.269620772,-0.758109187,4.511511584
209,c1cc(c(cc1)N(c1ccccc1)c1ccccc1)C=C,152,321,-5.229783304,-1.221138116,4.008645189
210,c1sc(c(c1OC)C(F)(F)F)C=C,152,337,-6.119024156,-1.59273679,4.526287366
211,c1sc(c2c1cc(C)c(C)c2),153,249,-5.373649897,-1.439727172,3.933922725
212,c1sc(c(c1O)OC),153,452,-5.736105546,-0.061307251,5.674798295
213,N(CC)c1ccc(c(c1)C=C)N(CC)C=C,154,206,-4.90474331,-0.956752298,3.947991012
214,c1nc2c(s1)[C@H]1[C@H](C2(CC)CC)N(CS1),154,934,-6.07096885,-0.968915787,5.102053063
215,c1sc(c2c1c(C)ccc2C)C=C,155,550,-5.272423545,-1.684030987,3.588392558
216,c(s1)c(CCN)c(CCN)c1,156,570,-6.073363452,-0.144846203,5.928517249
217,C1=Cc2[nH]c(cc2C1)C=C,156,942,-4.869069184,-0.803443355,4.065625829
218,c1sccc1SC=C,157,126,-5.817739701,-0.786953256,5.030786445
219,c1sc(c2c1[nH]nc2),157,916,-5.717248056,-1.228920572,4.488327484
220,c1c(nc2cSc12),158,643,-6.024573439,-2.796241928,3.228331511
221,c1sc(c(c1O)C(=O)O),159,228,-6.329803545,-1.836822914,4.492980631
222,c1sc(c2c1c(C=C)ccc2),159,382,-5.491774519,-1.800278024,3.691496495
223,c1[nH]cc2c1S(=O)(=O)C(=C2)C=C,160,606,-6.083594933,-1.80982922,4.273765713
224,c1csc2c1c(CC)c(CC)c1c(csc21)C=C,161,119,-5.697356533,-1.163586036,4.533770497
225,c1n(CC)c(cc1)C=C,161,210,-5.2966961,-0.553098613,4.743597487
226,c1occc1N,162,200,-5.427446805,0.524689927,5.952136732
227,c1scc2c1[C@@H](CC[C@H]2N(=O)=O)NC=C,162,698,-5.545136045,-1.979900376,3.565235669
228,c1sc(c2c1CCC[C@H]2O)C=C,163,184,-5.929143111,-1.232675743,4.696467369
229,c1sc(c2c1c(C=C)ccc2C),164,214,-5.398439469,-1.740902781,3.657536688
230,c1sc(c2c1cc(C(=O)O)c(O)c2)C=C,164,755,-5.738962741,-2.326763901,3.41219884
231,C1=C/C(/C(=C1)OC)=C\1/C=C(C=C1OC)C=C,165,551,-5.246735997,-2.686090241,2.560645756
232,c(nc1c2)cs1nc2C=C,165,757,-5.777657331,-2.344859473,3.432797858
233,c1cc2c(s1)c1c([nH]2)cc(s1),166,157,-5.319526452,-0.762952814,4.556573638
234,c1n(CC)nc(c1CC)CCC=C,167,74,-6.176929984,0.416143712,6.593073695
235,c1c(F)cccc1C=C,168,28,-6.480609041,-1.383807775,5.096801265
236,c1sc(c2c1SCCCS2),168,31,-5.838474776,-0.765020879,5.073453897
237,c1cc2c(cs1)c1c(ccs1)c2C=C,169,16,-5.075984556,-1.941532323,3.134452233
238,C=Cc1oc(c(c1O)O)C=C,169,422,-5.239443346,-1.325820314,3.913623032
239,c1c2nsnc2c(c2c1nc(CC)c(CC)n2),170,712,-6.309231738,-3.099295123,3.209936615
240,c1c(OC)cc(c(c1)OCC)C=C,170,798,-5.420453479,-0.961242177,4.459211302
241,c1sc(c2c1OCCCO2),171,145,-6.156766347,-0.317992246,5.838774102
242,c1oc(cc1C)C=C,171,500,-6.367899484,0.226153821,6.594053305
243,c1sc(c2c1c(C(F)(F)F)ccc2OC)C=C,172,358,-5.500291683,-2.10099104,3.399300643
244,c1sc(c2c1OCCCC2)C=C,173,231,-5.819508441,-1.10472781,4.714780631
245,c1c2c(ccs1)nc1c2sc(c1)C=C,173,777,-5.631042388,-2.202407872,3.428634516
246,c1sc(O)c(c1),174,259,-5.787371795,-0.082477708,5.704894087
247,c1scc(C#N)c1N,176,86,-6.03521309,-1.363181545,4.672031545
248,c1sccc1/C=C(/Cc1ccc(CC)cc1)C=C,177,585,-5.777303583,-1.375535514,4.401768069
249,c1cc2c(s1)cc(s2)C=C,178,138,-5.736214391,-1.529987336,4.206227055
250,C=C(C)CNC=C,178,505,-5.463991695,0.131594258,5.595585953
251,c1sc(c2c1OSCS2)C=C,179,737,-5.753629678,-1.343698194,4.409931484
252,N1CN[C@@H]2N[C@H]3[C@@H](N[C@H]12)NCN3C=C,180,520,-5.337213852,0.761565033,6.098778886
253,C1=C2OCCSC2=C([S@@]1NC),180,541,-3.792858905,0.645671744,4.438530649
254,C1=C(Oc2c(csc2)O1)C=C,181,78,-5.432045529,-0.922955758,4.509089771
255,c1sc(c2c1c(C(=O)C)ccc2),181,992,-5.917496639,-2.246517527,3.670979112
256,c1sc2c(c1)c1c(scc1)c(c2),182,595,-5.828624255,-1.220185717,4.608438538
257,c1sc(c2c1OCC[C@@H](SC)O2)C=C,183,348,-5.554796087,-0.966929356,4.587866731
258,c1sc(c2c1CCC[C@H]2C=O)C=C,183,459,-5.906639296,-1.456380539,4.450258757
259,c1cc2c(s1)c1c(C2(CC)CC)cc(s1)C=C,184,336,-5.189265552,-1.623104695,3.566160857
260,c1oc(c(c1OC)C#N)C=C,185,58,-6.290347036,-1.832931686,4.45741535
261,c1sc(c(c1OC)OC),185,9u,-5.648974691,0.019809888,5.668784579
262,c1sc(c2c1c(C#N)ccc2)C=C,186,97,-5.900924905,-2.55169321,3.349231695
263,c1sc2c(c1)C(C)(C)c1c2sc(c1)C=C,186,930,-5.189537666,-1.609689483,3.579848183
264,C1=C(F)C=C/C/1=C\1/C(=CC(=C1)F)C=C,187,197,-5.929850607,-3.197881971,2.731968636
265,c1oc(nc1)C=C,188,180,-6.396525861,-1.317901801,5.07862406
266,c1occc1C=CC=C,188,414,-5.72911222,-1.345466934,4.383645286
267,c1c2n(CC)c3c(c2ccc1)cccc3,189,706,-5.559639714,-0.952235208,4.607404506
268,c1scc(N(=O)=O)c1N,190,376,-6.031757244,-2.438385003,3.593372241
269,c1sc(c2c1[C@H](S)CC[C@H]2O),190,732,-6.280931897,-0.86483224,5.416099658
270,c1c(C)Nc(C)c1C=C,191,678,-5.171686997,0.056436413,5.22812341
271,c1c(OCC)cc(CC)c(OCC)c1C=C,192,347,-5.712105104,-0.943255451,4.768849653
272,c1sc(c2c1cc(C#N)cc2),192,915,-6.198508612,-2.341702952,3.85680566
273,c1csc2c1n(CC)c1c2scc1,193,486,-5.263960804,-0.75854457,4.505416234
274,c1sc(c2c1CC[C@@H](OC)C2),193,860,-6.143596037,-0.302318488,5.841277549
275,c1oc(cc1C=O)C=C,194,222,-6.386566494,-1.582695789,4.803870705
276,C=Cc1oc(c(c1O)O)C=CC=C,194,645,-5.091059663,-1.687133084,3.403926579
277,c1sc(c2c1[nH]cn2),195,613,-5.800569317,-0.877784859,4.922784458
278,c1sc(c2c1sc(=O)c(=O)s2)C=C,196,96,-6.515385191,-2.795017415,3.720367775
279,c1ccc2c(c1)oc1c2ccc(c1)C=C,196,632,-5.958204871,-1.634669534,4.323535337
280,c1sc(CC)c(c1CC),197,22,-6.050505889,-0.289474714,5.761031175
281,c1cc2c(cc1)C(C(=O)N2CC)C1C(=O)Nc2cc(ccc12),198,719,-6.044328904,-0.864859451,5.179469453
282,c1oc(c(c1O)C(=O)O)C=C,199,834,-6.139568752,-2.200285384,3.939283368
283,c1ccc(c2c1cccn2),200,310,-6.531303851,-1.65088752,4.880416331
284,c1ccc2c(c1)C(=O)c1c2ccc(c1),200,635,-6.461996453,-2.466603209,3.995393244
285,c1sc(c2c1cc(C(F)(F)F)c(OC)c2),202,880,-5.749085376,-1.841013467,3.908071909
286,c1sc(c2c1C[C@H](C(=O)C)CC2)C=C,204,397,-5.811943676,-1.208811358,4.603132318
287,c1sc(c(c1SCC)SCC)C=C,204,597,-5.66271644,-1.337847746,4.324868694
288,c1sc(c2c1cc(C(C)(C)C)cc2)C=C,205,443,-5.27979783,-1.844278833,3.435518997
289,c1sc(c2c1c(S)ccc2)C=C,205,921,-5.462957663,-2.084446518,3.378511145
290,Nc1sc(N(=O)=O)cc1C=C,206,580,-5.994994663,-2.249619625,3.745375038
291,c1csc2c1cc(c1c2scc1),207,788,-5.934394909,-1.160973743,4.773421165
292,c1c(OC)sc(OC)c1C=C,208,46,-5.083984703,-0.350700331,4.733284373
293,C1SC=C1C(=O)OC,209,53,-6.317966592,-1.414230104,4.903736488
294,c1sc(c2c1cc(C=C)cc2)C=C,209,263,-5.354357025,-2.040799456,3.313557569
295,c1c(C(F)(F)F)sc(OC)c1C=C,210,351,-5.933061551,-0.935554629,4.997506921
296,c1sc(c2c1c(C(=O)C(F)(F)F)ccc2),210,885,-6.201637921,-2.770064575,3.431573346
297,c1oc2c(C(=O)N)c(oc2c1)C=C,211,63,-5.758609361,-1.669663375,4.088945986
298,c1c(C)cc(CC)c(C)c1C=C,211,967,-6.055213458,-0.896615137,5.158598321
299,c1sc(c2c1cc(C)c(OC)c2)C=C,212,522,-5.117726821,-1.661146212,3.456580609
300,c1c2c(ccs1)nc1c2sc(c1),212,702,-5.76054137,-2.113236163,3.647305207
301,c1sc(c2c1[C@H](C=C)CCC2)C=C,213,35,-5.758364459,-1.136728399,4.62163606
302,c1oc2c(c1)C(=S)c1c2oc(c1)C=C,213,674,-5.47999199,-3.204385492,2.275606498
303,C1=CC(=C2[C@H]1CCS2),214,517,-5.266709154,-0.701727198,4.564981956
304,c1c(OCCC)c(cc(c1)OCCC),214,996,-5.464372655,-0.196792737,5.267579918
305,c1sc(c2c1[C@H](C)CCC2)C=C,215,114,-5.725601951,-1.09509498,4.630506971
306,c1[nH]cc2c1[nH]cc2C=C,215,209,-4.658997291,-0.157499497,4.501497794
307,c1scc(N(O)O)c1N(O)O,216,107,-5.877577537,-0.491083866,5.386493671
308,c1sc(c2c1OSCS2),216,704,-5.901197019,-1.036019063,4.865177956
309,c1sc(c2c1c(C)ccc2C),217,778,-5.420018097,-1.47406794,3.945950157
310,c1sc(c2c1c(C(F)(F)F)ccc2),218,330,-6.034804919,-2.064473361,3.970331558
311,c1[nH]c(=O)c2c1c(=O)[nH]c2C=C,218,730,-5.753303141,-2.735424482,3.017878659
312,c1sc(O)c(c1)C=C,219,168,-5.581136708,-0.452797447,5.128339261
313,C1=CC2=C(OC=CO2)/C/1=C/1\C2=C(OC=CO2)C=C1C=C,220,314,-4.812387869,-3.144248331,1.668139538
314,c1[nH]cc2c1[nH]cc2,221,953,-4.62517354,0.496117972,5.121291512
315,c1sc2c(n1)Cc1c2sc(c1)C=C,221,974,-5.445406319,-1.800250812,3.645155507
316,c1sc(c2c1cc(F)c(F)c2)C=C,222,846,-5.663451148,-2.103195162,3.560255986
317,c1sc(c2c1CC[C@@H](N(=O)=O)C2),223,179,-6.446730866,-1.860986624,4.585744242
318,c1cc2c(C(CN)CN)c3cC(ccc3c2cc1),223,291,-4.592683146,-2.44284767,2.149835476
319,c1sc(CC)c(c1CC)C=C,224,140,-5.890394099,-0.773401986,5.116992113
320,c1sc(c2c1cc(C)cc2),224,773,-5.505461846,-1.477823111,4.027638735
321,C1SCN2[C@H]1NCC2C=C,225,433,-5.874992455,0.223323837,6.098316292
322,C1SC[C@](C1)(C(=O)N)N,225,917,-6.066342915,0.389558188,6.455901103
323,c1sc(c2c1OCO2),226,548,-5.8397265,-0.269229444,5.570497056
324,Nc1cscc1NC=C,227,292,-5.123903805,-0.221718365,4.90218544
325,c1c2c(cccc2)cc2c1c(ccc2),227,711,-5.482577071,-1.925096647,3.557480424
326,c1c(OC)cc(c(c1)OCC(CC)CC),229,274,-5.469025802,-0.240902392,5.22812341
327,c1c(OCC)c(cc(c1)OCC)C=C,229,669,-5.398004087,-0.864342435,4.533661652
328,c1sc(c2c1OSCCO2)C=C,230,309,-5.704866876,-1.178171339,4.526695537
329,c1cc(cc2c1ccc1c2cccc1)C=C,230,625,-5.805276887,-1.62653333,4.178743557
330,C=CC=CC=C,231,622,-5.946449552,-1.527810425,4.418639127
331,c1cCcc1,231,957,-6.017906649,-0.59312656,5.424780089
332,c1c2c(nccn2)c(c2c1nccn2)C=C,232,105,-6.156548656,-3.087567016,3.06898164
333,c1sc(c2c1nc(CN)c(CN)n2)C=C,232,729,-5.862856177,-2.414656675,3.448199502
334,N1[C@@H]2C[C@@H]3NSN[C@@H]3C[C@@H]2N(S1),233,176,-5.411854682,0.068872016,5.480726697
335,c1sc(c2c1OCCS2)C=C,233,854,-5.592674335,-1.176647501,4.416026834
336,c1scc2c1C=C(C2)C=C,234,756,-5.635096884,-1.423563609,4.211533275
337,C1=C2C(C(=O)N1)=C(OC2=O)C=C,235,346,-6.110370936,-2.925142259,3.185228677
338,c1sc(c2c1cc(S)cc2)C=C,236,117,-5.361704099,-1.932906314,3.428797785
339,c1sc(c2c1C(=O)c1ccc(CC)cc1C2=O)C=C,237,658,-6.504881596,-2.757683395,3.747198201
340,c1oc(c(c1C)C),238,282,-5.989416329,0.401830523,6.391246852
341,c1occc1SC=C,240,202,-5.837576801,-0.312305066,5.525271735
342,c1c(OCC)cc(OCC)c(c1)C=C,241,365,-5.375690751,-0.676964837,4.698725914
343,c1scc(C(=O)OC)c1C=C,242,402,-6.229012575,-1.320568516,4.908444059
344,c1sc(c2c1ncs2),244,111,-6.212658532,-1.378419921,4.834238611
345,c1c(C)Nc(C)c1,246,242,-5.226599572,1.045842373,6.272441945
346,c1ccc(=O)c1C=C,247,122,-6.164603226,-3.027212164,3.137391062
347,c(s1)c(O)c(NN)c1,249,383,-5.31280524,0.006068139,5.318873379
348,c1sccc1N(CC),250,518,-5.230654068,-0.050041737,5.180612331
349,C(=S)[CH]C1=[S]C=C(O1)C=C,252,441,-5.351173293,-2.060745401,3.290427892
350,c1c(F)sc(F)c1,255,407,-6.427465206,-0.51886669,5.908598516
351,c1c(nc2cSc12)C=C,257,577,-5.724894455,-2.876950896,2.847943559
352,c1sc(c2c1OCCS2),258,498,-6.010015348,-1.282962382,4.727052966
353,c1sc(c2c1oc(N(=O)=O)c2)C=C,259,468,-6.276959035,-3.018395675,3.25856336
354,N1[C@H]2[C@H](N[C@@H]3[C@@H](CSC3)N2)N(S1)C=C,260,230,-5.421487512,-0.309094123,5.112393389
355,c1sc(c2c1[C@H](F)CC[C@H]2F)C=C,261,524,-6.134507434,-1.467237882,4.667269552
356,c1scc(OC)c1NC=C,262,143,-5.024310136,-0.255787019,4.768523117
357,C1=[S]C(=C(O1)[N]C=O)C=C,263,812,-5.702417851,-3.068410201,2.63400765
358,c1sc(c2c1cc(C(=O)C(F)(F)F)cc2)C=C,264,721,-5.883672887,-2.76957477,3.114098117
359,c1c(C#N)sc(OC)c1,265,155,-6.378675192,-1.453360076,4.925315116
360,c1cc2c(cc1)c1c(C2)cc(cc1),266,265,-6.002314526,-1.02437259,4.977941936
361,c1c(O)sc2c1[nH]c1c2sc(c1)C=C,268,526,-4.839599254,-1.181572762,3.658026492
362,c1sc(c2c1c(F)ccc2F),270,250,-5.792678015,-1.843598549,3.949079466
363,c1c(OCC)cc(CC)c(OCC)c1,271,594,-5.333758006,-0.161934952,5.171823054
364,C1=C2OCCSC2=C([S@@]1NC)C=C,272,108,-3.734925866,-0.337230695,3.397695171
365,C1=C(C(=C[S@@]1O)O)C=C,274,652,-4.425387551,-0.603358041,3.82202951
366,C1=C/C(/C(=C1)F)=C\1/C=C(C=C1F)C=C,275,313,-6.010804478,-3.314101797,2.696702681
367,c1sc(c2c1SCS2),276,178,-5.737520538,-0.647168371,5.090352167
368,c1cccc2c1n(c1c2cccc1)C=C,277,858,-5.66448518,-1.097244679,4.567240501
369,c1cc(c(cc1)N(c1ccccc1)c1ccccc1),278,690,-5.175496591,-0.654923615,4.520572976
370,c1sc2C3=C([CH]S3)Cc2c1C=C,280,590,-4.799190347,-1.257927908,3.541262439
371,c1sc(c2c1OCCO2),281,100,-5.911999939,-0.238208465,5.673791474
372,c1sc(c2c1cc(C(=O)C(F)(F)F)cc2),283,423,-6.229230266,-2.61789851,3.611331756
373,N1c2cscc2N(C1)C=C,284,497,-4.954757835,-0.237827505,4.71693033
374,C1SC=C1C(=O)C,286,724,-6.373450606,-1.734970699,4.638479907
375,c1c2cS(F)cc2ccc1,287,196,-6.010341884,-2.70002247,3.310319414
376,c1scc(C(=O)O)c1S,288,303,-6.14424911,-1.742753156,4.401495954
377,c(s1)c2ccs(=N)(=O)c2c1C=C,289,420,-6.337722058,-1.896932863,4.440789195
378,c1sc(c2c1nccn2)C=C,290,601,-5.931102331,-2.59452393,3.336578401
379,c1cc(CC)c(c(c1)CC)/C=C(/C)C=C,291,219,-6.146779769,-1.021950777,5.124828992
380,c1[nH]c(c2c1nccn2)C=C,292,13,-5.438276936,-1.885313602,3.552963334
381,c1sc(c2c1c(C#N)ccc2C#N)C=C,294,991,-6.309803177,-3.153881161,3.155922016
382,c1c2nc(C)c(C)nc2c(s1)C=C,295,662,-5.720295731,-2.296368784,3.423926947
383,c1c2nsnc2c(cc1)C=C,297,162,-6.270482725,-2.609299712,3.661183013
384,c(s1)cc(c(=S)2)c1c(s3)c2cc3C=C,298,650,-5.614252964,-3.256468083,2.357784881
385,c1sc(c2c1[C@H](C(=O)C)CCC2),299,726,-6.334102944,-0.666542877,5.667560067
386,c1sc(c2c1cc(C(=O)C)cc2),300,39,-5.927374371,-2.139984954,3.787389417
387,C1=C(Cc2c(C1)nsn2)C=C,302,203,-6.497262408,-1.521687863,4.975574545
388,c1sc(c2c1OCCCS2)C=C,303,427,-5.599096222,-1.154415799,4.444680423
389,c(s1)cc(c(=O)2)c1c(s3)c2cc3,304,863,-5.905251515,-2.643613269,3.261638246
390,c1sc(c2c1cc(C#N)c(OC)c2),305,752,-5.905441995,-2.174842739,3.730599256
391,c1[nH]c(/C=C/c2[nH]ccc2)c(c1),306,392,-4.71595072,-0.946656875,3.769293845
392,c1sc2c(c3ccoc3cc2c1),307,60,-5.694771452,-1.21022635,4.484545102
393,c1[nH]cc2c1S(=O)(=O)C(=C2),309,683,-6.537399201,-1.4954833,5.041915901
394,c1c2cscc2c(nn1)C=C,310,741,-6.174725861,-2.436344149,3.738381712
395,c1sc(c2c1sc(=S)s2),311,612,-6.234291583,-2.083085948,4.151205635
396,c1[nH]c(cc1)C#C,312,141,-5.72184678,-0.290916918,5.430929862
397,c1sc(c(c1C)C)C=C,314,152,-5.797004626,-1.01925685,4.777747776
398,C1S[C@@H]2[C@@H]1NCC2C=C,316,279,-6.118289449,0.125498908,6.243788357
399,c1c2c(sc(C(=O)OCC)c2F)c(s1),317,708,-5.992681695,-1.998431329,3.994250366
400,c1sc(c2c1CN2),318,948,-5.646307975,-0.296359195,5.34994878
401,c1scc2c1C[C@@H](CC2)C(=C)C=C,319,584,-6.16408621,-0.774327173,5.389759037
402,c1[nH]c(C=C)c(c1)C=C,320,23,-5.399010908,-0.972045097,4.426965811
403,c1oc(c(c1O)C(=O)O),321,988,-6.383165071,-1.539266418,4.843898653
404,c1oc(c(c1O)S),322,503,-6.100329935,-0.275215948,5.825113987
405,c1cc2c(s1)c1c([nH]2)cc(s1)C=C,323,794,-5.165890972,-1.364297212,3.80159376
406,c1c(N)ccc(c1)C=C,324,506,-5.288750376,-0.641426768,4.647323608
407,c1sc(c2c1cc(N(=O)=O)cc2)C=C,325,785,-6.019022316,-2.738934751,3.280087565
408,c1c(S)sc(O)c1C=C,327,610,-5.688512833,-0.724530338,4.963982495
409,C(=C)N=NC=C,328,980,-6.401369487,-2.372642297,4.02872719
410,c1sc(c2c1occ2),329,630,-5.895101669,-0.980970431,4.914131238
411,c1sc(c2c1cc(N(=O)=O)c(N)c2),330,401,-5.444072961,-2.707260699,2.736812262
412,c1sc(c2c1SCS2)C=C,331,218,-5.745384628,-1.331317014,4.414067614
413,C1=C(C=C/C/1=C\1/C=CC(=C1)N)N,335,71,-4.565635029,-2.079902216,2.485732813
414,c1[nH]c(=O)c2c1c(=O)[nH]c2,336,101,-5.875781585,-2.437568661,3.438212924
415,c1oc2c(c1)C(=O)c1c2sc(c1)C=C,337,739,-5.603939849,-2.655667913,2.948271936
416,c1sc(C)c(c1),338,386,-6.18354235,-0.291216243,5.892326107
417,c1[nH]c(c(c1)C(=O)C),339,578,-6.313231811,-0.787796809,5.525435002
418,c1sc(c2c1[C@H](C(F)(F)F)CCC2)C=C,340,499,-5.72734348,-0.921132595,4.806210885
419,c(s1)c2cc(OC)c(OC)cc2c1C=C,341,90,-5.169863834,-1.702153769,3.467710065
420,C1C[C@@H]2[C@@H](CC1)N(CC)[C@@H]1[C@@H](S2)CCCC1,342,390,-5.34050643,1.031175436,6.371681866
421,N1N[C@H]2[C@@H](C)[C@@H]3[C@@H](NSN3)[C@H](C)[C@H]2N1C=C,343,491,-5.187088641,0.24814062,5.435229261
422,c1sc(c(c1OCC)ON(=O)=O),346,481,-6.374239737,-1.858183851,4.516055886
423,C1=[S]C(=C(S1)C(=O)C)C=C,348,341,-4.33224298,-2.384832997,1.947409983
424,c1sc(c2c1[C@H](C#N)CC[C@H]2C#N)C=C,349,672,-6.536310746,-1.79235951,4.743951236
425,c1sc(c2c1nc(OCC)c(OCC)n2)C=C,350,984,-5.540401264,-1.89078309,3.649618174
426,c1scc2c1c1c(s2)sc(c1)C=C,351,670,-5.468699265,-1.370174871,4.098524394
427,c1sc(c2c1oc(=O)o2)C=C,352,998,-6.497262408,-1.801312056,4.695950352
428,c1scc2c1c(ccc2O),353,243,-5.306002394,-1.381630865,3.924371529
429,c1c2c(ncc(C)n2)c(s1),354,408,-6.277040669,-2.300260012,3.976780657
430,c1c(C)cc(s1),355,4d,-6.302428891,-0.399735246,5.902693645
431,c1oc2cc(sc2c1),357,284,-5.950667317,-0.673400146,5.277267171
432,c1sc(c2c1C[C@H](S)[C@@H](O)C2),358,619,-6.341939823,-0.756503716,5.585436107
433,c1c(OCCC)c(cc(c1)OCCC)C=C,359,252,-5.794664446,-1.044100844,4.750563602
434,c1[nH]c(c2c1nccn2),360,504,-5.835182199,-1.697119663,4.138062536
435,C1=CC2=C(OC=CO2)/C/1=C/1\C2=C(OC=CO2)C=C1,362,725,-4.867409289,-3.062804656,1.804604633
436,c1sc(c2c1C[C@H](C#N)[C@@H](OC)C2)C=C,363,705,-6.013362348,-1.25580542,4.757556928
437,N1[C@H]2CSC[C@H]2N(S1),365,10,-5.087603817,-0.206779315,4.880824502
438,C1=C(C(=C[S@@]1O)O),366,972,-6.016137909,-0.536118708,5.480019201
439,c1c2nc(CC)c(CC)nc2c(s1)C=C,367,618,-5.669328807,-2.308913233,3.360415574
440,c1sc(c2c1c(S)ccc2O)C=C,368,615,-5.246273403,-1.886919074,3.359354329
441,c1occc1C=C,369,319,-6.055730475,-0.768068554,5.287661921
442,c1sc2c(c1)c1c(scc1)c(c2)C=C,370,225,-5.650552951,-1.611431011,4.03912194
443,c1sc(c2c1c(C(F)(F)F)ccc2OC),371,929,-5.738527359,-1.769229833,3.969297526
444,C1=[S]C(=C(S1)C(=O)C),372,982,-4.146362008,-1.95089304,2.195468968
445,C1Oc2cscc2OC(C1=O),373,14,-6.270863685,-1.285601887,4.985261798
446,c1cc(CN)ccc1CNC=C,374,943,-5.31299572,-0.350645908,4.962349812
447,c1sc(c(c1O)OC)C=C,375,758,-5.763072028,-1.223695986,4.539376042
448,c1ccc(c2c1nc(CC)c(CC)n2)C=C,376,416,-6.097363894,-2.046949229,4.050414665
449,c1c(F)sc(F)c1C=C,377,922,-6.184304269,-1.02377394,5.160530329
450,c1sc(c2c1CC[C@@H](C)C2)C=C,378,696,-5.737030733,-1.060101139,4.676929594
451,c1sc(c2c1c(C(=O)C(F)(F)F)ccc2)C=C,379,142,-5.866094332,-2.89020284,2.975891492
452,c1sc(c2c1ncnc2C#N)C=C,380,742,-6.480881155,-3.1974738,3.283407355
453,c1sc2c(c1)[nH]c(c2)C=C,381,928,-5.237348069,-0.995120351,4.242227718
454,c1sc(c2c1cc(C)s2),382,10d,-5.545843542,-0.951554924,4.594288618
455,c1sc(c2c1nc(CCO)c(CN)n2)C=C,383,735,-5.986368654,-2.587258491,3.399110163
456,N1c2cscc2N(CC1),384,449,-4.87606251,0.252249539,5.128312049
457,c1sc(c2c1[nH]c(C#N)c2)C=C,385,946,-5.626253184,-2.147685776,3.478567408
458,c1[nH]c2nc3[nH]c(nc3nc2n1),386,434,-6.506078897,-1.812740838,4.693338059
459,c1oc2c(c1)C(=O)c1c2sc(c1),387,760,-5.842447639,-2.582795823,3.259651816
460,c1sc(c2c1cc(C(=O)OC)cc2)C=C,388,802,-5.578333935,-2.230490021,3.347843914
461,c1oc(c(c1OC)OC)C=C,389,496,-5.294247075,-0.636120548,4.658126527
462,c1sc(c2c1sc(C(=O)OCC)c2)C=C,390,909,-5.677982027,-2.234326826,3.443655201
463,c1nc2CCNS2c1,391,671,-5.54051011,-1.459020044,4.081490066
464,c1sc(c2c1OCSS2),392,687,-6.082887437,-1.284078049,4.798809388
465,c1sc(c2c1C(=O)c1ccccc1C2=O)C=C,394,888,-6.531630388,-2.812813661,3.718816727
466,c1sc(c2c1CCC[C@H]2O),395,50,-6.364933443,-0.619494392,5.745439051
467,c1c2n(CCC)c3c(c2ccc1)cccc3C=C,396,872,-5.488590787,-1.129952764,4.358638023
468,c1sc(cc1)N,397,878,-5.302900296,0.108437369,5.411337665
469,c1csc2c1c(CC)c(CC)c1c(csc21),398,340,-5.795208674,-1.092292207,4.702916467
470,c1sc(c2c1C[C@H](OC)[C@@H](OC)C2),400,268,-6.092846804,-0.220684333,5.872162471
471,c1sccc1/C=C(/Cc1sc(CC)cc1)C=C,403,663,-5.742745124,-1.30747984,4.435265284
472,c1cc2c(C=C/C/2=C\2/C=Cc3c2cccc3)c(c1)C=C,404,45,-5.753112661,-2.826500988,2.926611673
473,C1=C(F)C=C/C/1=C\1/C(=CC(=C1)F),406,583,-6.249312268,-3.191079125,3.058233143
474,c1sc(c2c1c(C(=O)OC)ccc2),407,164,-5.777711754,-2.088392168,3.689319586
475,c1sc(NC)c(c1C(=O)OC),408,458,-5.431147554,-0.934711076,4.496436478
476,N1CN[C@@H]2C[C@H]3[C@@H](C[C@H]12)N(CN3),409,489,-6.085826266,1.021134435,7.106960701
477,c1cc(cc2c1n(c1c2cccc1)C(CC)CC),411,450,-5.537625703,-0.932670223,4.60495548
478,C1=C2CSC[C@H]2C(=C1),412,404,-5.916979622,-1.004481068,4.912498554
479,c1c(c2c(s1)nc1c(c2CC)CCS1),415,18,-5.671424084,-1.116292649,4.555131435
480,c1c2cscc2c(N)c(c1)C=C,416,912,-5.011575207,-1.44579531,3.565779897
481,c1scc2c1c(ccc2OC),417,910,-5.284478188,-1.333548347,3.950929841
482,c1c(OCC)c(ccc1)C=C,418,272,-5.821113913,-0.964208218,4.856905695
483,c1c(OCC)c(OCC)c(OCC)cc1,419,1,-5.818447197,-0.015211164,5.803236033
484,c1[nH]c2nc3[nH]c(nc3nc2n1)C=C,420,823,-6.145446411,-2.054350726,4.091095685
485,C#Cc1[nH]c(cc1)C#CC=C,421,277,-5.514795351,-1.535075865,3.979719486
486,c1sc(c2c1C[C@H](N)[C@@H](N(=O)=O)C2),422,661,-6.51870498,-1.893504229,4.625200751
487,c1sc2c(c1)C(=S)c1c2oc(c1)C=C,423,681,-5.511421139,-3.212957078,2.298464061
488,c1c2CCc2sc1,424,281,-6.124901815,-0.310563538,5.814338277
489,c(s1)c(CCN)c(CCN)c1C=C,426,941,-5.95151087,-1.334446323,4.617064547
490,c1sc(c2c1c(C#N)ccc2OC)C=C,428,239,-5.615722378,-2.336315098,3.27940728
491,c1c(C(=O)c2cscc2C(=O)c2ccccc2)ccc(c1)C=C,429,350,-6.410811838,-2.091494266,4.319317572
492,C1C2CC(=C)O[C@H](C1C=CC2C)CCCC=C,430,873,-6.196358913,0.141199877,6.33755879
493,c1c2n(CCC)c3c(c2ccc1)cccc3,431,137,-5.540129151,-0.945350728,4.594778423
494,c1cc(c2c1[nH]cnc2)C=C,432,688,-5.06918171,-1.752712522,3.316469188
495,c1scc2c1C=C(C2=O)C=C,433,818,-6.083975892,-2.49844053,3.585535362
496,c1sc(c(c1O)S),435,744,-6.091431812,-0.776340815,5.315090997
497,c1sc(c2c1OCCCC2),436,901,-6.107132781,-0.228575634,5.878557147
498,c1sc(c(c1O)C(F)(F)F),437,940,-6.453696981,-1.041787877,5.411909104
499,c1sc(c2c1S(=O)(=O)CCC2)C=C,438,426,-6.467003348,-1.756413271,4.710590077
500,C1S[C@@H]2[C@@H]1NCC2,439,676,-6.066968777,0.244467083,6.31143586
501,c1ccc(s1)C=C,442,324,-5.988953736,-1.268676405,4.720277331
502,c1cc(c2c(c1)c1c(s2)cccc1)C=C,443,668,-5.937877966,-1.447346359,4.490531607
503,c1sc2c(c1)[nH]c(c2),444,549,-5.477787867,-0.19921455,5.278573317
504,c1c(c2c(s1)[C@H]1[C@H](C2(CC)CC)CCS1)C=C,445,446,-5.796514821,-0.93400358,4.862511241
505,c1c2CCc2sc1C=C,448,51,-5.672403693,-1.184402746,4.488000947
506,c1occ(OC)c1NC=C,450,361,-5.080746548,0.21159573,5.292342278
507,c1c2c(SCC2)c2c(CCS2)c1C=C,451,561,-5.308424207,-1.133136496,4.175287711
508,c1sc(c2c1[C@H](OC)CC[C@H]2OC)C=C,452,488,-6.096982934,-1.194797495,4.902185439
509,c1sc(c2c1CC[C@@H](C(=O)O)C2)C=C,453,339,-6.30397994,-1.624492476,4.679487464
510,c1sc(c2c1C[C@H](S)CC2),454,129,-6.278183547,-0.540907912,5.737275635
511,c1[nH]c(cc1),455,628,-5.7448404,1.051638398,6.796478798
512,c1[nH]c2cc([nH]c2c1),456,130,-4.889749837,0.701319027,5.591068864
513,c1sc(OC)c(C(=O)C)c1C=C,457,43,-5.923591989,-1.081598133,4.841993856
514,c1csc2c1c(CC)c1c(c2CC)scc1C=C,458,116,-5.371364141,-1.162116621,4.20924752
515,c1sc(c(c1OCC)OCC)C=C,460,768,-5.549108908,-0.947527639,4.601581269
516,c(s1)c(O)c(NN)c1C=C,461,553,-5.368071563,-0.977296894,4.390774669
517,c1sc(c2c1C[C@H](C(F)(F)F)CC2),462,831,-6.323789829,-0.516472088,5.807317741
518,c1sc(c(c1OCC)OCC)C=CC=C,463,795,-5.203497106,-1.328976834,3.874520272
519,N1CN[C@@H]2[C@H]1N(CN2),464,743,-6.021716243,0.95188146,6.973597703
520,C1=C(CC)C(CC)=C(S1(=O)=O)C=C,465,684,-6.515738939,-2.317375974,4.198362965
521,c1c(OCC)cc(c(c1)OCC)C=CC=C,466,689,-5.324832672,-1.401903346,3.922929326
522,c1sc(c2c1cc1C(=O)N(CC)C(=O)c1c2),467,820,-6.277911434,-2.377213809,3.900697625
523,C1=C(c2cscc12),468,406,-5.525843173,-1.45069336,4.075149813
524,c1c(C)cc(c(c1)C),469,507,-6.338211863,-0.215786283,6.12242558
525,c1c(OCC)cc(c(c1)OCC)C=C,470,669,-5.398004087,-0.864342435,4.533661652
526,c1c(c2c(s1)c(CC)c1c(c2CC)scc1)C=C,471,515,-5.366003498,-1.301302856,4.064700642
527,C/C=C\1/OCCC(OCC1)C=C,472,115,-5.615178151,0.064164446,5.679342597
528,c1sc(cc1)c1ccc(s1)c1sc(cc1),474,938,-5.389677403,-1.784141672,3.605535731
529,c1c(F)c(F)c(c2c1nn(CC)n2)C=C,475,131,-6.239488958,-1.996118362,4.243370596
530,c1sc(c2c1cc(C=C)c(C)c2),476,539,-5.471420403,-1.709582477,3.761837926
531,c1n(CC)nc(c1CC)CC,478,848,-6.189420009,0.485804857,6.675224866
532,c1c2c(nccc2)c(s1)C=C,479,805,-5.632103632,-2.199360197,3.432743435
533,Nc1sc(c2c1nccn2),480,680,-5.283362521,-2.055466393,3.227896128
534,c1sc(c2c1cc(N(=O)=O)cc2),481,799,-6.310156925,-2.692865876,3.617291049
535,c1scc2c1sc1c2csc1,482,363,-5.729928561,-1.272159462,4.457769099
536,c1sc(CC)c2c1c(c[nH]2),483,955,-5.019656989,-0.559493288,4.460163701
537,c1sc(c2c1OCO2)C=C,484,902,-5.791970519,-1.087448581,4.704521938
538,c1sc(c2c1cc(S)c(O)c2),486,93,-5.457542597,-1.746862075,3.710680522
539,c1scc2c1N(CCN2C(=O)O),487,852,-5.538305988,-0.243324205,5.294981783
540,c1sccc1O,488,405,-5.911537345,-0.370972812,5.540564533
541,C=Cc1csc(c1)C=C,489,135,-5.914312906,-1.279996341,4.634316565
542,c1csc2c1cc(c1c2scc1)C=C,490,394,-5.81537231,-1.332976908,4.482395402
543,N1c2cscc2N(C1),491,896,-4.94011811,0.232439651,5.172557761
544,C=NNc1ccc(cc1),492,61,-5.554932144,-0.563683841,4.991248303
545,c1sc2C3=C([CH]S3)Cc2c1,493,693,-4.777992678,-0.606133602,4.171859076
546,C(=[N])/N=C(\C1=CSC=[S]1)C=C,494,963,-4.636030882,-2.875726383,1.760304499
547,c1sc(c2c1c(C(F)(F)F)ccc2)C=C,495,920,-5.732568066,-2.328614276,3.40395379
548,c1c2ccccc2c(c1=O),497,34,-5.783235665,-3.520772266,2.262463399
549,c1cc2c(cc1)c1c(C2(C)C)cc(cc1)C=C,498,384,-5.737275635,-1.457060824,4.280214811
550,c1scc2c1CCC[C@H]2C(=O)OC=C,499,598,-6.3110549,-0.514131909,5.796922991
551,c1c(OC)c(ccc1)C=C,500,887,-5.845468102,-1.003501458,4.841966644
552,C1=CC2=C(C1)N=C(C2),501,576,-5.612239321,-1.273247918,4.338991403
553,c1sc(c2c1CC[C@@H](C(=O)O)C2),504,905,-6.289258581,-0.513832584,5.775425997
554,c1scc2c1nc(c(NC)n2)N(C),505,734,-5.552537542,-1.357222252,4.19531529
555,c1sc(c2c1[C@H](C)CC[C@H]2C)C=C,506,120,-5.734989879,-1.137517529,4.59747235
556,c1sc(c2c1scc2),508,391,-5.697955184,-1.081271596,4.616683588
557,C1S=C(/C(=N/N)/C1=S)C=C,509,728,-4.457496985,-2.634715146,1.822781839
558,c1c2[nH]cnc2c(c2c1[nH]cn2)C=C,510,528,-5.367799449,-1.242934435,4.124865014
559,c1c(N)ccc(c1),511,540,-5.533108613,-0.031075402,5.502033211
560,c1c(OCC)c(ccc1),512,399,-6.052002515,-0.199078493,5.852924022
561,c1scc2c1sc1c2csc1C=C,514,473,-5.619559184,-1.490476405,4.129082779
562,c1cc2c(cc1)c1c(C2(C)C)cc(cc1),515,18d,-5.983266556,-1.058522878,4.924743678
563,c1[nH]c(cc1)C=C,516,308,-5.386221557,-0.539193595,4.847027962
564,c1nc2cscc2nc1C=C,518,369,-6.291108955,-2.430711392,3.860397563
565,c1sc(c2c1cc(C=O)cc2),519,727,-6.065254459,-2.269456725,3.795797734
566,c1c(CC)c(CC)c(CC)cc1,520,639,-6.40455322,-0.123077095,6.281476125
567,c1c(OC)cc(c(c1)OCC)C=CC=C,522,889,-5.317730501,-1.409957916,3.907772585
568,c(s1)cc(c(=O)2)c1c(s3)c2cc3C=C,524,484,-5.640267048,-2.705764072,2.934502976
569,c1sc(c2c1C[C@H](C(=O)OC)CC2),525,356,-6.190426831,-0.500743908,5.689682923
570,c1sc(c2c1nc(CN)c(CN)n2),526,621,-6.371409753,-2.252313552,4.119096201
571,c1sc(c2c1sc(=S)s2)C=C,527,932,-6.229828916,-2.221700744,4.008128172
572,C1=CC2=C(C1)N=C(C2)C=C,528,656,-5.393704688,-1.821584538,3.57212015
573,c1sc(c2c1SCC(=O)CS2)C=C,530,69,-6.027893228,-1.668901457,4.358991771
574,c1c2nonc2c(cc1)C=C,531,21,-6.54444695,-2.76682642,3.77762053
575,c1sc(c2c1oc(C#N)c2),532,508,-6.515085866,-2.172774673,4.342311193
576,c1[nH]cc(c1C)C=CC=C,533,270,-5.198843959,-0.92298297,4.275860989
577,c1sc(c2c1OCSS2)C=C,534,134,-5.888897473,-1.508054959,4.380842514
578,c1sc(c2c1nc(OCC)c(CN)n2),535,232,-6.080737737,-1.923518386,4.157219351
579,c1c2cccc(c2cs1),537,409,-5.596456718,-1.588845562,4.007611156
580,c1n(CC)c(=O)c2c1c(=O)n(CC)c2C=C,538,897,-5.468617631,-2.557897406,2.910720225
581,c1sc(c2c1SCC(=O)CO2)C=C,539,87,-5.943347454,-1.409087152,4.534260302
582,c1c2c(cccc2)c(s1)C=C,543,255,-5.365078311,-1.940144543,3.424933768
583,c(s1)cc(c(CC)c(CC)2)c1c(s3)c2cc3,544,340,-5.795208674,-1.092292207,4.702916467
584,c1sc2c(c1)C(C)(C)c1c2sc(c1),546,1d,-5.368343677,-1.198307763,4.170035913
585,c1cc(c2c(c1)c1c(s2)cccc1),547,227,-5.983457036,-1.230580466,4.75287657
586,c1scc(OC)c1N,549,182,-5.470141468,-0.074096601,5.396044867
587,c(s1)cc(c(=S)2)c1c(s3)c2cc3,550,811,-5.8342298,-3.190943068,2.643286732
588,c1c(C(F)(F)F)sc(OC)c1,551,733,-6.314918917,-0.826627455,5.488291462
589,N1C(=O)C(c2c1cc(cc2)C)C1C(=O)N(c2c1ccc(C)c2)C=C,552,623,-5.740921961,-0.875607948,4.865314013
590,c1sc(c2c1CC[C@@H](C)C2),553,781,-6.152085989,-0.335489166,5.816596823
591,c1sc(c2c1C[C@H](C)[C@@H](C)C2),554,624,-6.146861403,-0.325366531,5.821494872
592,c1sc(c2c1[C@H](C(F)(F)F)CC[C@H]2OC)C=C,555,171,-6.215869476,-1.370419774,4.845449702
593,c1sc(c2c1cc(C(F)(F)F)c(OC)c2)C=C,556,695,-5.515911018,-2.121154676,3.394756342
594,C1=C2C(C(=O)S1)=CN(C2=O)C=C,557,49,-6.277122303,-2.944081383,3.33304092
595,c1c(c2c(s1)nc1c(c2CC)CCS1)C=C,558,254,-5.669247173,-1.259016363,4.41023081
596,C1=C/C(/C(=C1)F)=C\1/C=C(C=C1F),559,745,-6.174997975,-3.311571138,2.863426837
597,c1sc(c2c1CCC2),560,431,-6.2293119,-0.408823849,5.820488051
598,c1c(C)cc(s1)C=C,562,574,-5.87194478,-1.181681607,4.690263173
599,c1oc2c(c1)C(=S)c1c2oc(c1),563,235,-5.720214097,-3.160248626,2.559965471
600,c1sc(c2c1[C@H](S)CCC2),564,925,-6.086452128,-0.637834866,5.448617262
601,C1=C/C(/C(=C1)OC)=C\1/C=C(C=C1OC),565,640,-5.309839199,-2.597898142,2.711941057
602,c1c(C)cc(c(c1)C)C=CC=C,566,104,-5.749194222,-1.486340274,4.262853948
603,c1n(CC)c(=O)c2c1c(=O)n(CC)c2,567,460,-5.633328144,-2.306056037,3.327272107
604,c1sc(c2c1OCCCO2)C=C,568,238,-5.614035272,-1.035937429,4.578097843
605,c1sc(c2c1C[C@H](C#N)[C@@H](C#N)C2)C=C,569,269,-6.258047122,-1.577743317,4.680303805
606,c1scc2c1C(=C[S@@]2[O])C=C,571,977,-6.173446926,-2.061207995,4.112238931
607,c1cc2c(cc1)c1c(C2)cc(cc1)C=C,572,188,-5.749439124,-1.43281548,4.316623644
608,c1sc(c2c1[nH]c(=O)[nH]2)C=C,573,900,-5.835672004,-1.355453512,4.480218492
609,c1sc(c2c1sc(C#N)c2)C=C,575,895,-6.020491731,-2.505188953,3.515302778
610,c1sc(c2c1ncnc2),576,186,-6.485779204,-2.3618938,4.123885404
611,c1sc(c2c1sc(C(=O)OCC)c2),577,139,-5.905197092,-1.921885703,3.983311389
612,c1sc(c2c1CC[C@@H](OC)C2)C=C,578,903,-5.696676249,-1.050060138,4.646616111
613,c1c(C#N)sc(OC)c1C=C,579,113,-6.065009557,-1.468027012,4.596982545
614,c1sc2c(n1)Cc1c2sc(c1),580,694,-5.681519507,-1.456924767,4.22459474
615,c1cc2c(s1)c1c(C2)cc(s1)C=C,581,353,-5.238654216,-1.614260995,3.624393221
616,c1oc2c(c1)C(=O)c1c2oc(c1),582,199,-5.798419618,-2.518413686,3.280005932
617,c1sc(c2c1CN2)C=C,584,951,-5.438086457,-1.000181669,4.437904788
618,c1sc(C(=O)OC)cc1C=C,586,8,-6.358021751,-1.598668872,4.759352879
619,c1cc(C)cc(c1C)C=C,587,153,-6.135487044,-0.969378381,5.166108663
620,c1sc(c2c1cc(C)cc2)C=C,588,867,-5.326519778,-1.798019479,3.528500299
621,c1sc(c2c1cc(OC)cc2),589,660,-5.248776851,-1.504190943,3.744585908
622,c1[nH]c(cc1)C(C(=O)N)=C,590,841,-5.442004896,-1.240213296,4.2017916
623,c1sc(c2c1[C@H](C(=O)O)CC[C@H]2O)C=C,591,147,-6.472554471,-1.785883201,4.68667127
624,c1sc(cc1)C#C,592,158,-6.262455367,-1.265465462,4.996989905
625,c1sc(c2c1[nH]c(=S)[nH]2),593,226,-5.614906037,-1.126252016,4.488654021
626,N1c2cscc2N(CC1)C=C,594,720,-4.969043813,-0.206616047,4.762427766
627,c1sc(c2c1C[C@H](C(F)(F)F)[C@@H](C(F)(F)F)C2),595,461,-6.491139847,-0.671413715,5.819726132
628,c1c(C)sc(C)c1,596,355,-5.889768237,-0.205473169,5.684295068
629,c1cnc(cc1)C=CC=C,598,513,-5.984382223,-1.73575983,4.248622393
630,C1=C(CC2=C1C[CH]2),599,432,-4.491647273,-0.112355809,4.379291464
631,c1scc2c1C[C@@H]([C@@H](OC)C2)NC=C,600,375,-5.390194419,-0.485505532,4.904688887
632,c1sc(c2c1[C@H](C(F)(F)F)CCC2),601,586,-6.460826364,-0.649590184,5.81123618
633,C1=[S]c2cscc2[S]=C1,603,826,-5.152911141,-0.763143294,4.389767847
634,c1sc(c2c1C[C@H](C)[C@@H](C)C2)C=C,604,463,-5.732486432,-1.063556985,4.668929447
635,N(CC)c1cscc1N(CC),606,545,-5.009180606,0.272875769,5.282056375
636,c1sc(c2c1cc1C(=O)N(CC)C(=O)c1c2)C=C,607,947,-5.951211545,-2.592700768,3.358510777
637,c1sc(c2c1[C@H](C(F)(F)F)CC[C@H]2C#N)C=C,608,415,-6.414703066,-1.630560615,4.784142451
638,c1sc(cc1)S,609,875,-6.531766445,-0.914982822,5.616783623
639,c1csc2c1c(C)c(C)c1c2scc1,610,807,-5.769820452,-1.081108328,4.688712124
640,c1sc2c(c1F)c(OCC)c1c(c2OCC)c(F)c(s1),611,395,-5.455474532,-1.495619357,3.959855175
641,c1c(S)sc(O)c1,612,440,-5.931918673,-0.607113212,5.324805461
642,c1csc2c1c(CC)c1c(n2)scc1,613,172,-5.90062558,-1.431618179,4.469007401
643,c1sc(C)c(c1)C=C,614,189,-5.909714182,-0.791932939,5.117781243
644,C1=CC(=[S]C1)c1ccc(s1)C1=[S]CC(=C1)C=C,615,439,-4.432571356,-2.273184684,2.159386672
645,c1c(O)sc2c1[nH]c1c2sc(c1),616,33,-4.931546524,-0.446919788,4.484626736
646,c1sc(c2c1cc(N(=O)=O)c(N)c2)C=C,617,993,-5.320642119,-2.773738112,2.546904007
647,c1c(OCC)c(cc(c1)OC)C=C,619,798,-5.420453479,-0.961242177,4.459211302
648,c1sc(c2c1cc(N(=O)=O)c(N(=O)=O)c2)C=C,620,746,-6.519276419,-3.117662808,3.401613611
649,c1sc(c2c1[C@H](C(=O)OC)CCC2),621,492,-6.232359575,-0.457777131,5.774582444
650,c1oc(cc1O)C=C,622,664,-5.606280028,-1.035774161,4.570505867
651,c1sc(C(=O)O)cc1OC=C,623,262,-6.513099434,-1.977777888,4.535321546
652,c1sc(c2c1sc(C(=O)CC)c2)C=C,624,764,-5.730744903,-2.360315539,3.370429364
653,c1sc(c2c1sc(C(=O)CC)c2F)C=C,625,971,-5.812923286,-2.445133426,3.36778986
654,c1sc(c2c1c(F)c(F)c(F)c2F),626,161,-6.055295092,-2.10139921,3.953895882
655,c1sc2c(c1)C(=O)C(=C2)C=C,627,248,-5.833114133,-2.877059741,2.956054392
656,c1oc(c(c1C)C)C=C,628,713,-5.592211742,-0.792558801,4.799652941
657,N1CN[C@@H]2C[C@H]3[C@@H](C[C@H]12)N(CN3)C=C,629,657,-5.179278973,0.851770775,6.031049748
658,c1c2c(OCN2)c(s1)C=C,630,682,-5.462250167,-0.917404636,4.544845531
659,c1sc(c2c1CC[C@@H](N(=O)=O)C2)C=C,631,654,-5.997198785,-1.913695076,4.083503709
660,c1sc(c2c1cc(C(C)(C)C)cc2),634,293,-5.497380065,-1.464870491,4.032509574
661,c1sc(c2c1[C@H](C)CC[C@H]2C),635,352,-6.148439663,-0.367408121,5.781031542
662,C1=CC(OC)=C(/C/1=C\1/C=C(OC)C=C1),636,204,-5.342438438,-2.472535291,2.869903147
663,c1sc(c(c1CC)CC)C=CC=C,637,128,-5.434195229,-1.571838446,3.862356783
664,c1c2c(ncs2)c(c2c1ncs2),638,11a,-6.371627444,-1.751624067,4.620003377
665,C(=S)[CH]C1=[S]C=C(O1),639,287,-5.36820762,-2.083602965,3.284604655
666,c1sc(cc1)SC=C,640,633,-5.920598736,-0.891499397,5.029099339
667,c1cc2c(s1)c1c(c(=O)[nH]c2=O)cc(s1)C=C,641,344,-6.176766715,-2.70532869,3.471438025
668,C1=CC(=C2[C@H]1CCS2)C=C,642,691,-5.159550719,-1.023746728,4.135803991
669,c1sc(c(c1OC)OC)C=C,643,749,-5.659206172,-0.955636632,4.70356954
670,c1cnc2c1c(=S)c1c2ncc1,644,474,-6.24955717,-4.064918333,2.184638837
671,N1C(=S)C=C(C1=S)C=C,646,149,-6.373205704,-3.678244551,2.694961153
672,c1sc(c2c1[nH]c(C#N)c2),647,816,-5.887019887,-1.813774871,4.073245016
673,c1c(OC)c(cc(c1)OC)C=C,649,307,-5.483447836,-1.012454004,4.470993832
674,c1sc(c2c1cc(C#N)cc2)C=C,650,769,-5.933524144,-2.481025243,3.452498901
675,c1sc(c2c1ncs2)C=C,651,642,-5.868080763,-1.698153695,4.169927068
676,c1sc(c2c1OCCO2)C=C,653,84,-5.563748633,-0.991201912,4.572546721
677,c1cc2c(s1)c1c(C2)cc(s1),654,17,-5.410739015,-1.174361745,4.23637727
678,c1sc(c2c1SCC(=O)CO2),655,190,-6.018423666,-1.215859107,4.802564559
679,c1sc(NC)c(c1C(=O)OC)C=C,656,357,-5.278001878,-0.968779731,4.309222147
680,c1cc2c(s1)c1c(c(=O)n(c2=O)CC)cc(s1)C=C,658,783,-6.048546669,-2.462548713,3.585997956
681,c1sc(c2c1SC(=O)CC(=O)O2)C=C,659,808,-6.509942914,-1.977832311,4.532110603
682,C1=CC(=[S]C1)c1ccc(s1)C1=[S]CC(=C1),660,817,-4.4016048,-2.006159363,2.395445437
683,N1CN[C@@H]2[C@H]1N(CN2)C=C,661,919,-5.304913938,0.897186576,6.202100514
684,c1sc(c(c1OCC)OCC),662,560,-5.824433702,-0.09292688,5.731506822
685,c1cc(CN)ccc1CN,664,65,-6.047703116,-0.045878395,6.001824721
686,c1sc(c2c1C[C@H](C(F)(F)F)[C@@H](OC)C2)C=C,665,245,-5.876380236,-1.191151169,4.685229067
687,c1cc2c(cs1)c1c(ccs1)c2,666,410,-5.219524612,-1.802618203,3.416906409
688,c1nc2c(s1)c1c(c(c2CC)CC)N(CS1)C=C,667,132,-5.350629065,-1.198933625,4.15169544
689,c1cc(c2c1[nH]cnc2),669,970,-5.354030488,-1.580301187,3.773729301
690,C/C=C\1/OCCC(OCC1),670,475,-5.543748265,0.815144251,6.358892516
691,c1c2c(ncc(CC)n2)c(s1)C=C,671,529,-5.820460839,-2.482222544,3.338238295
692,C1=C[C@@H]2[C@H](C1)[C@@H]1[C@@H](C=CC1)C2=CC=C,672,944,-5.916190492,-0.845648213,5.070542279
693,c1sc(c2c1[nH]c(=O)[nH]2),673,456,-5.939429015,-0.561942313,5.377486702
694,c1scc(N(=O)=O)c1NC=C,675,748,-5.707261478,-2.631041609,3.076219869
695,c1oc(cc1C(=O)C)C=C,676,4,-6.213583719,-1.402692477,4.810891242
696,c(s1)c2C(NCC)OC(O)c2c1C=C,677,485,-6.129935922,-1.477986379,4.651949543
697,c1sccc1/C=C(/Cc1sc(CC)cc1),678,510,-5.875890431,-1.083965523,4.791924908
698,C1S=C(/C(=N/N)/C1=S),679,898,-4.575349494,-2.491311147,2.084038347
699,c1sc(c2c1cc(C(F)(F)F)cc2)C=C,680,600,-5.791535137,-2.235932298,3.555602839
700,c1sc(c2c1scc2)C=C,681,763,-5.492101056,-1.659948911,3.832152145
701,c1oc(cc1C(F)(F)F)C=C,682,581,-6.390103974,-1.398692403,4.991411571
702,c1cccc2c1N(C)C(=O)C2C1C(=O)N(C)c2cc(ccc12),685,52,-5.876298602,-0.765891644,5.110406958
703,c1scc2c1C[C@@H]([C@@H](OC)C2)N,686,723,-6.178453821,-0.36817004,5.810283781
704,c1csc2c1c(C)c(C)c1c2scc1C=C,689,827,-5.639069747,-1.171803874,4.467265873
705,C1=C2C(C(=O)S1)=C(OC2=O)C=C,691,990,-6.481017212,-3.302917917,3.178099295
706,c1sc(c2c1[C@H](OC)CC[C@H]2OC),693,1718,-6.1923,-0.3877,5.8046
707,c1c(CC)c(CC)c(CC)cc1C=C,694,300,-5.940027665,-0.949758972,4.990268693
708,c1c2c(C=C)c3c(cc2ccc1)c(ccc3)C=C,695,454,-5.349867146,-2.075167435,3.274699711
709,C1=C2C(C(=O)S1)=CN(C2=O),698,653,-6.289693963,-2.857358699,3.432335265
710,c1csc2c1c(CC)c1c(n2)scc1C=C,700,865,-5.807725911,-1.516354432,4.291371479
711,c1occ(C)c1C=CC=C,702,701,-5.664213066,-1.331616339,4.332596728
712,c1sc(c2c1c(F)c(F)c(F)c2F)C=C,704,856,-5.790365048,-2.33675048,3.453614568
713,c1sc(c2c1sc(=S)o2),705,237,-6.397940853,-1.848387752,4.549553101
714,c1n(C)c(=O)c2c1c(=O)n(C)c2C=C,706,589,-5.548646314,-2.643177887,2.905468427
715,c1cc(SC)sc1,707,558,-6.244305373,-0.867226842,5.377078531
716,c1c(cc2c(c1)nccn2)C=C,708,211,-6.478513764,-2.280803872,4.197709892
717,c1c(CC)cc(s1),710,244,-6.349259685,-0.35402012,5.995239566
718,C(=C)N=N,711,40,-6.405015813,-1.97328801,4.431727803
719,c1c(C)sc(C)c1C=C,712,649,-5.734309594,-0.712339638,5.021969957
720,c1c(c2c(s1)c(CC)c1c(c2CC)scc1),713,882,-5.396153712,-1.220104083,4.176049629
721,c1cc2c(s1)c1c(c(=O)n(c2=O)CC)cc(s1),715,256,-6.348824303,-2.370601443,3.97822286
722,c1sc(c2c1[C@H](S)CC[C@H]2O)C=C,717,317,-5.996273598,-1.423454763,4.572818835
723,c1sc(c2c1[C@H](C(=O)C(F)(F)F)CCC2)C=C,718,751,-5.999348485,-1.785148493,4.214199991
724,c1sc(c2c1nc(OCC)c(CN)n2)C=C,719,797,-5.730581635,-2.19903366,3.531547975
725,c(oc1c(F)s2)csc1c2C=C,721,318,-5.494550081,-1.508680821,3.985869259
726,c1sccc1S,722,779,-6.181800822,-0.642705703,5.539095118
727,c1scc2c1C=C(S2(=O)=O)C=C,723,110,-6.48708535,-2.23813642,4.24894893
728,c1sc(c2c1C[C@H](S)CC2)C=C,726,354,-5.893659465,-1.23988676,4.653772705
729,c1[nH]c2[nH]c(nc2n1),727,995,-5.719697081,0.339598085,6.059295166
730,c1occc1NC=C,728,494,-5.152584605,0.263351785,5.415936389
731,c1c2c(OCC)c3c(ccs3)c(OCC)c2sc1C=C,729,91,-5.151822686,-1.606614596,3.54520809
732,C1=C(Cc2cscc2C1)C=C,730,535,-6.147079094,-0.76444944,5.382629654
733,c1sc(OC)c(C(=O)C)c1,731,803,-6.167895804,-1.01846772,5.149428084
734,c1oc(c(c1O)S)C=C,732,753,-5.788677942,-1.306445808,4.482232134
735,N1[C@H]2[C@H](N[C@@H]3[C@@H](CSC3)N2)N(S1),733,11,-5.587776286,-0.135784811,5.451991474
736,c1sc(c2c1C=[S]C=C2),734,257,-4.173083588,-0.938792784,3.234290804
737,c1scc2c1c1c(s2)cc(s1)C=C,735,859,-5.523203669,-1.773828557,3.749375112
738,c1sc(c2c1cccc2F)C=C,736,530,-5.452318011,-1.986295052,3.466022959
739,c1c(C)cc(c(c1)C)C=C,737,153,-6.135487044,-0.969378381,5.166108663
740,c1scc(n1)C=C,738,899,-6.303816672,-1.097353525,5.206463147
741,c1c(C)c(c2c1ccco2)C=C,739,260,-5.138380262,-1.97426762,3.164112642
742,c1sc(c2c1C[C@H](N(=O)=O)[C@@H](N(=O)=O)C2)C=C,740,978,-6.233230339,-2.466113404,3.767116935
743,c1sc(c2c1cc[nH]2)C=C,741,555,-5.139876888,-1.227151832,3.912725056
744,N(CC)c1ccc(c(c1)C=C)N(CC),743,194,-4.614806002,-0.730979437,3.883826565
745,c1sc(c2c1CCS(=O)(=O)C2)C=C,744,646,-6.342211936,-1.658234594,4.683977343
746,c1sc(c2c1sc(C(=O)CC)c2),746,766,-5.980871954,-2.09805221,3.882819744
747,C1=CC2=C(C1)C=C(C2),747,479,-5.219062018,-0.912207261,4.306854757
748,c1sc(c2c1C[C@H](C(=O)OC)CC2)C=C,748,840,-5.71909843,-1.08782954,4.63126889
749,c1sc(c(c1CC)CC),749,9,-6.223325395,-0.279977941,5.943347454
750,C1=C(C=C/C/1=C\1/C=CC(=C1)N)NC=C,750,857,-4.623432011,-2.269674416,2.353757595
751,c1sc(c2c1OCC[C@@H](SC)O2),751,699,-5.823753417,-0.258453735,5.565299682
752,c1sc(c2c1C[C@H](C(F)(F)F)[C@@H](C(F)(F)F)C2)C=C,752,877,-6.021362495,-1.324051574,4.697310921
753,c1c2nc(C)c(C)nc2c(s1),753,37u,-6.154997607,-2.126705799,4.028291809
754,c1sc(c2c1C[C@H](N)[C@@H](N(=O)=O)C2)C=C,754,973,-6.057553637,-1.926375582,4.131178056
755,C1=Cc2cc3=CC(=Cc3cc2=C1)C=C,756,370,-5.290736807,-3.262454588,2.028282219
756,c1sc(c2c1C[C@H](C(=O)C)CC2),757,731,-6.398158544,-0.691876676,5.706281868
757,c1oc(cc1O),758,845,-5.868135186,0.288957698,6.157092884
758,c1c2nsnc2c(c2c1nc(CC)c(CC)n2)C=C,760,393,-5.884815765,-3.153962796,2.730852969
759,c1ccc(c2c1cccn2)C=C,761,26,-6.013226291,-1.864769006,4.148457285
760,c1sc2c(c3ccoc3cc2c1)C=C,762,893,-5.588266091,-1.554395948,4.033870143
761,c1sc(c2c1[nH]c(=S)[nH]2)C=C,763,665,-5.658525887,-1.680792832,3.977733055
762,c1cc2occoccoccoccoc2cc1C=C,764,32,-5.657627911,-1.370256506,4.287371406
763,Nc1sc(N(=O)=O)cc1,765,836,-6.194889498,-2.17701965,4.017869848
764,c1sc(c2c1cc(C#N)c(C#N)c2)C=C,766,271,-6.38256642,-3.007429487,3.375136933
765,c1sc(c2c1cc(C(=O)O)c(O)c2),767,869,-5.948844154,-2.15974042,3.789103734
766,c1ccc(c2c1nn(CC)n2),768,2,-6.332007667,-1.447781742,4.884225925
767,c1sc(c2c1c(S)ccc2),769,692,-5.595558742,-1.782019184,3.813539558
768,C1=CC(OC)=C(/C/1=C\1/C=C(OC)C=C1)C=C,770,718,-5.170054314,-2.497950725,2.672103589
769,C1=C(CC2=C1C[CH]2)C=C,772,224,-4.523539017,-0.650379314,3.873159702
770,C1C([CH2])CCC1,773,523,-5.554496762,1.351235747,6.905732509
771,c1scc2c1c1c(s2)sc(c1),774,960,-5.617110159,-1.021542606,4.595567553
772,c1oc(cc1)C=C,776,782,-5.845604159,-0.98801818,4.857585979
773,Sc1cscc1S,778,425,-5.876924463,-0.621535246,5.255389217
774,c1oc(c(c1OC)OC),779,697,-5.689710134,0.535329578,6.225039712
775,c1ccc(OCC)c2c1c(OCC)ccc2,780,557,-5.268124146,-0.697019628,4.571104518
776,c1sc(c2c1cc(C#N)c(OC)c2)C=C,781,514,-5.65387274,-2.369023182,3.284849558
777,c1scc2c1[C@@H](CCC2)NC=C,782,801,-5.278954277,-0.605181204,4.673773073
778,c1sc(c2c1sc(C(=O)CC)c2F),783,66,-6.070397411,-2.198217318,3.872180093
779,c1cc(C)cc(c1C),784,507,-6.338211863,-0.215786283,6.12242558
780,c1sc(c2c1C[C@H](OC)[C@@H](OC)C2)C=C,785,136,-5.690254362,-1.013787361,4.676467001
781,c1sc(c2c1CCCC2),786,968,-6.15388194,-0.340577695,5.813304245
782,C(=C)c1sc(C)c(c1)C=C,787,30,-5.688730524,-1.204756862,4.483973663
783,c1scc2c1c(c(cc2)N),788,855,-5.028146941,-1.281873927,3.746273014
784,c1c2nccnc2c(s1),789,703,-6.429560482,-2.420289432,4.00927105
785,c1sc(c(c1O)C#N)C=C,790,233,-6.308333762,-2.198897603,4.109436159
786,c1c2c(SCC2)c2c(CCS2)c1,791,112,-5.363064668,-0.320114734,5.042949934
787,C1=CC2=CC(=NC2=C1),792,266,-5.961769562,-3.19491593,2.766853632
788,c1oc(cc1),793,1818,-6.371,0.2223,6.5933
789,c1ccc(c2c1nn(CC)n2)C=C,794,784,-5.923455932,-1.761909971,4.161545961
790,c1sc(c2c1nco2)C=C,796,72,-5.956871513,-1.648520129,4.308351384
791,c1sc(c2c1cc(C)c(OC)c2),797,759,-5.303988751,-1.28075826,4.023230491
792,N1C(=S)C=C(C1=S),798,5,-6.447057403,-3.677918015,2.769139388
793,c1scc2c1C[C@@H](CC2)C(=C),799,707,-6.201365807,-0.398075352,5.803290455
794,C1=CC(N(=O)=O)C(C2C=CC=C2N(=O)=O)=C1C=C,801,98,-6.516772971,-2.967945767,3.548827204
795,c1c(C)cc(CC)c(C)c1,802,666,-6.240740682,-0.068436633,6.172304048
796,c1scc2c1CCC[C@H]2C(=O)O,803,616,-6.35780406,-0.596283081,5.761520979
797,c1sc2c(c1)C(=O)C(=C2),806,400,-6.257285204,-2.806174083,3.45111112
798,c1ccc2c(c1)C(=O)c1c2ccc(c1)C=C,807,868,-6.132548215,-2.490032212,3.642516003
799,c1c(sc(OC)c1)NC=C,808,715,-4.763380164,-0.027429076,4.735951088
800,C(=C)c1sc(C)c(c1),809,774,-5.759398491,-1.133190919,4.626207572
801,c1csc2c1c(CC)c1c(c2CC)scc1,810,659,-5.402085794,-1.024971241,4.377114554
802,c1sc(c2c1cccc2F),812,587,-5.703560729,-1.708766136,3.994794594
803,c1[nH]c(c(c1)C(=O)C)C=C,813,368,-5.853958054,-1.445332717,4.408625337
804,c(s1)c2C(NCC)OC(O)c2c1,814,847,-6.343490871,-0.870764322,5.47272655
805,c1oc2cc(sc2c1)C=C,815,275,-5.655587057,-1.423400341,4.232186717
806,c1oc(cc1OC)C=C,816,417,-5.51830562,-0.951119542,4.567186078
807,c1sc(c2c1c(C=C)ccc2)C=C,817,278,-5.349731089,-2.062187605,3.287543485
808,c1sc(c(c1)OC),819,4u,-5.934503754,-0.26993694,5.664566814
809,c1sc(c2c1c(C(=O)OC)ccc2)C=C,820,933,-5.497543333,-2.293511589,3.204031744
810,c1oc2cc(oc2c1),821,945,-5.826392921,-0.384823407,5.441569514
811,c1c(OCC)c(cc(c1)OCC),822,843,-5.428208724,-0.204384713,5.223824011
812,c1sccc1NC=C,823,566,-5.152775084,-0.37878248,4.773992605
813,c1c(OCC)c(OCC)c(OCC)cc1C=C,824,62,-5.546224501,-0.873811997,4.672412504
814,c1sc(c2c1cc(S)cc2),825,258,-5.478250461,-1.649227625,3.829022836
815,c1sc(c2c1c(C(=O)O)ccc2O)C=C,826,861,-5.700839591,-2.422983359,3.277856232
816,C=Cc1csc(c1),827,994,-6.121772506,-0.84853262,5.273239886
817,c1sc(c2c1C[C@H](C#N)[C@@H](OC)C2),828,565,-6.430567304,-0.607031578,5.823535726
818,c1sc(c(c1O)S)C=C,829,605,-5.843209557,-1.543402549,4.299807009
819,c1[nH]c2[nH]c(nc2n1)C=C,830,251,-5.414194861,-0.892669487,4.521525374
820,c1cc2c(C=C/C/2=C\2/C=Cc3c2cccc3)c(c1),831,27,-5.877550325,-2.803589002,3.073961324
821,c1sc(c2c1[C@H](C(=O)OC)CCC2)C=C,832,7,-5.78982082,-1.17996729,4.60985353
822,c(cc1)c2cC(C)cc2c1,834,326,-5.145564067,-1.894810375,3.250753692
823,C=C=C1CC2=C(C1)C(=CC2)C=C,836,791,-5.620130623,-1.034413591,4.585717031
824,c1sc(c2c1ncnc2)C=C,837,588,-6.109826708,-2.578550847,3.531275861
825,Nc1sc(c2c1nccn2)C=C,840,467,-4.96703017,-2.210598499,2.756431671
826,c1c2c(cccc2)c(s1),841,409,-5.596456718,-1.588845562,4.007611156
827,c1sc(c2c1CCC2)C=C,843,821,-5.781847884,-1.111911616,4.669936268
828,c1scc2c1[C@@H](CCC2)N,844,534,-6.05564884,-0.36817004,5.687478801
829,c1sc(c2c1c(N(=O)=O)ccc2N),845,103,-5.685220256,-2.288069312,3.397150944
830,c1sc(c2c1sc(N(=O)=O)c2),846,976,-6.4312748,-2.889713035,3.541561764
831,C1=C([CH]S1)C(=C),847,871,-5.704377071,-0.921676823,4.782700248
832,c1sc(c2c1CCCC2)C=C,848,457,-5.730989805,-1.088237711,4.642752094
833,c1c(CC)sc(c1)C=C,850,644,-5.742146473,-1.170715419,4.571431054
834,c1sc(c2c1cc(C=C)c(C)c2)C=C,851,3,-5.261266877,-1.922946947,3.338319929
835,c1sc(c2c1ccc(F)c2),853,617,-5.737194001,-1.747868896,3.989325105
836,c1csc2c1n(CC)c1c2scc1C=C,854,567,-5.288423839,-1.05501261,4.233411229
837,c1sc(c2c1nc(CCO)c(CN)n2),855,451,-6.312143356,-2.2471706,4.064972756
838,c1sc(cc1)C#CC=C,857,819,-5.891564189,-1.652166455,4.239397734
839,c1oc2cc(oc2c1)C=C,858,814,-5.52695884,-1.242009248,4.284949592
840,c1c2nc(CC)c(CC)nc2c(s1),859,722,-6.159514697,-2.146243573,4.013271124
841,C1=C(Cc2cscc2C1),861,829,-6.238318868,-0.413340939,5.824977929
842,c1csc2c1cc1c(ccs1)c2C=C,863,519,-5.512482383,-1.586423748,3.926058635
843,c1sc(c2c1[C@H](C)CCC2),864,207,-6.149337639,-0.354836461,5.794501178
844,c1sc(c2c1[C@H](C(=O)C(F)(F)F)CCC2),865,466,-6.537480835,-1.737909529,4.799571307
845,C1=c2ccccc2=C(C1=C),866,73,-5.143142254,-2.698743535,2.444398719
846,c1sc(c2c1CCC[C@H]2C=O),867,838,-6.264713912,-0.814654446,5.450059466
847,C1=C(c2c3c(cccc13)ccc2),868,853,-6.064029947,-2.181536739,3.882493208
848,c1n(CC)c(cc1),869,387,-5.67175062,0.895200145,6.566950766
849,c1scc2c1C(=C[S@@]2[O]),870,429,-6.209610857,-1.711650542,4.497960315
850,c1scc(N(O)O)c1N(O)OC=C,871,786,-6.032110992,-0.626787043,5.405323949
851,c1cnc2c1c(=S)c1c2ncc1C=C,872,331,-6.227924119,-3.971283957,2.256640162
852,c1c(c2c(s1)[C@H]1[C@H](C2(CC)CC)CCS1),873,59,-5.764432598,-0.474784246,5.289648351
853,c1c([CH2])c(c2c1ccsc2)C=C,874,547,-4.884253137,-1.553280281,3.330972855
854,c1sc(c2c1cc(C(=O)OC)s2)C=C,875,223,-5.667206319,-2.083466908,3.583739411
855,c1sc(c2c1SCCS2),876,36u,-5.667668912,-0.578813371,5.088855541
856,C1=CC2=C(C1)C=C(C2)C=C,877,572,-5.045045211,-1.452734214,3.592310997
857,c1sc(c2c1C[C@H](C(=O)C(F)(F)F)CC2),878,851,-6.38452564,-1.745936888,4.638588753
858,c1c2cscc2c(nn1),879,124,-6.32302791,-2.360016214,3.963011696
859,c1c(oc2cscc2s1)C=C,880,641,-5.238055565,-1.057788171,4.180267394
860,c1sc(c2c1[C@H](C(=O)C)CCC2)C=C,882,396,-5.904407962,-1.320350825,4.584057137
861,c1c2cS(F)cc2ccc1C=C,883,247,-5.931347234,-2.740404166,3.190943068
862,c1cc(cc2c1ccc1c2cccc1),884,332,-5.989987768,-1.283588244,4.706399524
863,c1scc2c1C(=[S@@](OC)C(=C2)OC),885,133,-5.408235567,-1.466475963,3.941759604
864,c1sc2c(c1)oc1c2sc(c1)C=C,887,311,-5.456263662,-1.655676723,3.800586939
865,c1sc(c2c1[nH]c(N(=O)=O)c2)C=C,888,44,-5.782990762,-2.840269949,2.942720813
866,c1ccc2c(c1)oc1c2ccc(c1),889,373,-6.258536927,-1.231668922,5.026868006
867,c1sc(c2c1cc(F)c(F)c2),890,19,-5.897958864,-1.853612338,4.044346526
868,c1sc(c2c1C[C@H](S)[C@@H](O)C2)C=C,891,981,-6.050152141,-1.410638201,4.63951394
869,c1oc(cc1OC),892,442,-5.7680245,0.265202159,6.033226659
870,c1sc(c2c1c(N(=O)=O)ccc2),893,599,-6.286238117,-2.838283518,3.4479546
871,c1sc(c(c1C=C)OC),894,839,-5.89414927,-0.980807163,4.913342107
872,c1sccc1N(CC)C=C,895,316,-5.143550425,-0.373612317,4.769938108
873,c1oc2c(c1)C(=O)c1c2oc(c1)C=C,897,342,-5.546360558,-2.58037401,2.965986548
874,c1c2c(OCC)c3c(c(c2sc1)OCC)cc(s3)C=C,898,91,-5.151822686,-1.606614596,3.54520809
875,c1scc2c1C=C(C2),899,592,-5.889795449,-0.717455378,5.17234007
876,c1scc2c1c(c(cc2)N)C=C,901,822,-5.028881648,-1.506558333,3.522323315
877,c1c2cccc(c2cs1)C=C,902,382,-5.491774519,-1.800278024,3.691496495
878,c(s1)cc(c(=C(CN)(CN))2)c1c(s3)c2cc3,903,629,-5.261076397,-1.770563191,3.490513206
879,c1c(OCC)cc(OCC)c(c1),904,185,-5.78255538,0.055728917,5.838284297
880,c1sc(c(c1)C(=O)C)C=C,905,448,-6.248523138,-2.031819699,4.216703439
881,N1C(=O)C(c2c1cc(cc2)C)C1C(=O)N(c2c1ccc(C)c2),907,455,-5.840542842,-0.710598109,5.129944732
882,C1=[S]C(=O)C2=C1C(=O)[S]=C2C=C,908,879,-6.436118426,-3.342020678,3.094097748
883,N1c2cscc2N(CC(=O)C1),909,780,-5.314465134,-0.807389006,4.507076129
884,C#Cc1sc(cc1)C#CC=C,911,563,-5.847617802,-2.070432654,3.777185147
885,c1scc2c1C[C@H](C)[C@H](C2)C(=C)C=C,912,12,-6.161120169,-0.897431479,5.26368869
886,c1oc(c(c1OC)C#N),913,956,-6.51949411,-1.094768443,5.424725667
887,C1=CC2=CC(=NC2=C1)C=C,914,961,-5.632158055,-3.195949963,2.436208092
888,c1sc(c2c1c(C=C)ccc2C)C=C,915,543,-5.230245898,-2.003764761,3.226481137
889,c1sc(c2c1sc(N(=O)=O)c2)C=C,916,377,-6.132167255,-3.015320789,3.116846466
890,c1sc(c2c1occ2)C=C,917,828,-5.578061821,-1.577770528,4.000291293
891,c1sc(c(c1C)C),918,962,-6.19532488,-0.239868359,5.955456521
892,c1cc(CC)c(c(c1)CC)/C=C(/C),919,165,-6.41320644,-0.158914489,6.254291951
893,c1sc(c2c1c(C)ccc2)C=C,920,913,-5.333213779,-1.823053953,3.510159826
894,c1sc(c2c1cc(C(F)(F)F)cc2),921,240,-6.050424254,-2.042513773,4.007910481
895,c1scc2c1c(ccc2O)C=C,922,876,-5.197238488,-1.590260554,3.606977934
